length,horizontal_area,vertical_area,horizontal_height,vertical_height,horizontal_width,vertical_width,horizontal_mask_path,vertical_mask_path,horizontal_rgb_path,vertical_rgb_path,horizontal_depth_path,vertical_depth_path
59.85,3561,3472,87,63,71,127,/home/pqbas/projects/LABINM_Robotics_Automation/SeedlingsNet/classifiers/data/data/raw/24_03_23/horizontal/mask/seedlings_mask_1_2.jpg,/home/pqbas/projects/LABINM_Robotics_Automation/SeedlingsNet/classifiers/data/data/raw/24_03_23/vertical/mask/seedlings_mask_1_2.jpg,/home/pqbas/projects/LABINM_Robotics_Automation/SeedlingsNet/classifiers/data/data/raw/24_03_23/horizontal/rgb/seedlings_1_2.jpg,/home/pqbas/projects/LABINM_Robotics_Automation/SeedlingsNet/classifiers/data/data/raw/24_03_23/vertical/rgb/seedlings_1_2.jpg,/home/pqbas/projects/LABINM_Robotics_Automation/SeedlingsNet/classifiers/data/data/raw/24_03_23/horizontal/depth/seedlings_1_2.jpg,/home/pqbas/projects/LABINM_Robotics_Automation/SeedlingsNet/classifiers/data/data/raw/24_03_23/vertical/depth/seedlings_1_2.jpg
65.56,4061,7193,95,167,79,133,/home/pqbas/projects/LABINM_Robotics_Automation/SeedlingsNet/classifiers/data/data/raw/24_03_23/horizontal/mask/seedlings_mask_1_3.jpg,/home/pqbas/projects/LABINM_Robotics_Automation/SeedlingsNet/classifiers/data/data/raw/24_03_23/vertical/mask/seedlings_mask_1_3.jpg,/home/pqbas/projects/LABINM_Robotics_Automation/SeedlingsNet/classifiers/data/data/raw/24_03_23/horizontal/rgb/seedlings_1_3.jpg,/home/pqbas/projects/LABINM_Robotics_Automation/SeedlingsNet/classifiers/data/data/raw/24_03_23/vertical/rgb/seedlings_1_3.jpg,/home/pqbas/projects/LABINM_Robotics_Automation/SeedlingsNet/classifiers/data/data/raw/24_03_23/horizontal/depth/seedlings_1_3.jpg,/home/pqbas/projects/LABINM_Robotics_Automation/SeedlingsNet/classifiers/data/data/raw/24_03_23/vertical/depth/seedlings_1_3.jpg
30.87,3249,4257,79,71,71,103,/home/pqbas/projects/LABINM_Robotics_Automation/SeedlingsNet/classifiers/data/data/raw/24_03_23/horizontal/mask/seedlings_mask_1_4.jpg,/home/pqbas/projects/LABINM_Robotics_Automation/SeedlingsNet/classifiers/data/data/raw/24_03_23/vertical/mask/seedlings_mask_1_4.jpg,/home/pqbas/projects/LABINM_Robotics_Automation/SeedlingsNet/classifiers/data/data/raw/24_03_23/horizontal/rgb/seedlings_1_4.jpg,/home/pqbas/projects/LABINM_Robotics_Automation/SeedlingsNet/classifiers/data/data/raw/24_03_23/vertical/rgb/seedlings_1_4.jpg,/home/pqbas/projects/LABINM_Robotics_Automation/SeedlingsNet/classifiers/data/data/raw/24_03_23/horizontal/depth/seedlings_1_4.jpg,/home/pqbas/projects/LABINM_Robotics_Automation/SeedlingsNet/classifiers/data/data/raw/24_03_23/vertical/depth/seedlings_1_4.jpg
73.28,3549,11287,71,183,86,167,/home/pqbas/projects/LABINM_Robotics_Automation/SeedlingsNet/classifiers/data/data/raw/24_03_23/horizontal/mask/seedlings_mask_1_5.jpg,/home/pqbas/projects/LABINM_Robotics_Automation/SeedlingsNet/classifiers/data/data/raw/24_03_23/vertical/mask/seedlings_mask_1_5.jpg,/home/pqbas/projects/LABINM_Robotics_Automation/SeedlingsNet/classifiers/data/data/raw/24_03_23/horizontal/rgb/seedlings_1_5.jpg,/home/pqbas/projects/LABINM_Robotics_Automation/SeedlingsNet/classifiers/data/data/raw/24_03_23/vertical/rgb/seedlings_1_5.jpg,/home/pqbas/projects/LABINM_Robotics_Automation/SeedlingsNet/classifiers/data/data/raw/24_03_23/horizontal/depth/seedlings_1_5.jpg,/home/pqbas/projects/LABINM_Robotics_Automation/SeedlingsNet/classifiers/data/data/raw/24_03_23/vertical/depth/seedlings_1_5.jpg
79.76,3925,11950,79,143,111,199,/home/pqbas/projects/LABINM_Robotics_Automation/SeedlingsNet/classifiers/data/data/raw/24_03_23/horizontal/mask/seedlings_mask_1_6.jpg,/home/pqbas/projects/LABINM_Robotics_Automation/SeedlingsNet/classifiers/data/data/raw/24_03_23/vertical/mask/seedlings_mask_1_6.jpg,/home/pqbas/projects/LABINM_Robotics_Automation/SeedlingsNet/classifiers/data/data/raw/24_03_23/horizontal/rgb/seedlings_1_6.jpg,/home/pqbas/projects/LABINM_Robotics_Automation/SeedlingsNet/classifiers/data/data/raw/24_03_23/vertical/rgb/seedlings_1_6.jpg,/home/pqbas/projects/LABINM_Robotics_Automation/SeedlingsNet/classifiers/data/data/raw/24_03_23/horizontal/depth/seedlings_1_6.jpg,/home/pqbas/projects/LABINM_Robotics_Automation/SeedlingsNet/classifiers/data/data/raw/24_03_23/vertical/depth/seedlings_1_6.jpg
64.77,4585,9104,103,127,111,191,/home/pqbas/projects/LABINM_Robotics_Automation/SeedlingsNet/classifiers/data/data/raw/24_03_23/horizontal/mask/seedlings_mask_2_1.jpg,/home/pqbas/projects/LABINM_Robotics_Automation/SeedlingsNet/classifiers/data/data/raw/24_03_23/vertical/mask/seedlings_mask_2_1.jpg,/home/pqbas/projects/LABINM_Robotics_Automation/SeedlingsNet/classifiers/data/data/raw/24_03_23/horizontal/rgb/seedlings_2_1.jpg,/home/pqbas/projects/LABINM_Robotics_Automation/SeedlingsNet/classifiers/data/data/raw/24_03_23/vertical/rgb/seedlings_2_1.jpg,/home/pqbas/projects/LABINM_Robotics_Automation/SeedlingsNet/classifiers/data/data/raw/24_03_23/horizontal/depth/seedlings_2_1.jpg,/home/pqbas/projects/LABINM_Robotics_Automation/SeedlingsNet/classifiers/data/data/raw/24_03_23/vertical/depth/seedlings_2_1.jpg
72.11,3743,6713,95,87,87,157,/home/pqbas/projects/LABINM_Robotics_Automation/SeedlingsNet/classifiers/data/data/raw/24_03_23/horizontal/mask/seedlings_mask_2_2.jpg,/home/pqbas/projects/LABINM_Robotics_Automation/SeedlingsNet/classifiers/data/data/raw/24_03_23/vertical/mask/seedlings_mask_2_2.jpg,/home/pqbas/projects/LABINM_Robotics_Automation/SeedlingsNet/classifiers/data/data/raw/24_03_23/horizontal/rgb/seedlings_2_2.jpg,/home/pqbas/projects/LABINM_Robotics_Automation/SeedlingsNet/classifiers/data/data/raw/24_03_23/vertical/rgb/seedlings_2_2.jpg,/home/pqbas/projects/LABINM_Robotics_Automation/SeedlingsNet/classifiers/data/data/raw/24_03_23/horizontal/depth/seedlings_2_2.jpg,/home/pqbas/projects/LABINM_Robotics_Automation/SeedlingsNet/classifiers/data/data/raw/24_03_23/vertical/depth/seedlings_2_2.jpg
75.85,4707,14739,103,151,135,239,/home/pqbas/projects/LABINM_Robotics_Automation/SeedlingsNet/classifiers/data/data/raw/24_03_23/horizontal/mask/seedlings_mask_2_3.jpg,/home/pqbas/projects/LABINM_Robotics_Automation/SeedlingsNet/classifiers/data/data/raw/24_03_23/vertical/mask/seedlings_mask_2_3.jpg,/home/pqbas/projects/LABINM_Robotics_Automation/SeedlingsNet/classifiers/data/data/raw/24_03_23/horizontal/rgb/seedlings_2_3.jpg,/home/pqbas/projects/LABINM_Robotics_Automation/SeedlingsNet/classifiers/data/data/raw/24_03_23/vertical/rgb/seedlings_2_3.jpg,/home/pqbas/projects/LABINM_Robotics_Automation/SeedlingsNet/classifiers/data/data/raw/24_03_23/horizontal/depth/seedlings_2_3.jpg,/home/pqbas/projects/LABINM_Robotics_Automation/SeedlingsNet/classifiers/data/data/raw/24_03_23/vertical/depth/seedlings_2_3.jpg
86.34,5619,20159,103,199,143,247,/home/pqbas/projects/LABINM_Robotics_Automation/SeedlingsNet/classifiers/data/data/raw/24_03_23/horizontal/mask/seedlings_mask_2_4.jpg,/home/pqbas/projects/LABINM_Robotics_Automation/SeedlingsNet/classifiers/data/data/raw/24_03_23/vertical/mask/seedlings_mask_2_4.jpg,/home/pqbas/projects/LABINM_Robotics_Automation/SeedlingsNet/classifiers/data/data/raw/24_03_23/horizontal/rgb/seedlings_2_4.jpg,/home/pqbas/projects/LABINM_Robotics_Automation/SeedlingsNet/classifiers/data/data/raw/24_03_23/vertical/rgb/seedlings_2_4.jpg,/home/pqbas/projects/LABINM_Robotics_Automation/SeedlingsNet/classifiers/data/data/raw/24_03_23/horizontal/depth/seedlings_2_4.jpg,/home/pqbas/projects/LABINM_Robotics_Automation/SeedlingsNet/classifiers/data/data/raw/24_03_23/vertical/depth/seedlings_2_4.jpg
94.99,5597,16819,119,175,143,255,/home/pqbas/projects/LABINM_Robotics_Automation/SeedlingsNet/classifiers/data/data/raw/24_03_23/horizontal/mask/seedlings_mask_2_5.jpg,/home/pqbas/projects/LABINM_Robotics_Automation/SeedlingsNet/classifiers/data/data/raw/24_03_23/vertical/mask/seedlings_mask_2_5.jpg,/home/pqbas/projects/LABINM_Robotics_Automation/SeedlingsNet/classifiers/data/data/raw/24_03_23/horizontal/rgb/seedlings_2_5.jpg,/home/pqbas/projects/LABINM_Robotics_Automation/SeedlingsNet/classifiers/data/data/raw/24_03_23/vertical/rgb/seedlings_2_5.jpg,/home/pqbas/projects/LABINM_Robotics_Automation/SeedlingsNet/classifiers/data/data/raw/24_03_23/horizontal/depth/seedlings_2_5.jpg,/home/pqbas/projects/LABINM_Robotics_Automation/SeedlingsNet/classifiers/data/data/raw/24_03_23/vertical/depth/seedlings_2_5.jpg
64.33,4654,12896,119,159,119,215,/home/pqbas/projects/LABINM_Robotics_Automation/SeedlingsNet/classifiers/data/data/raw/24_03_23/horizontal/mask/seedlings_mask_2_6.jpg,/home/pqbas/projects/LABINM_Robotics_Automation/SeedlingsNet/classifiers/data/data/raw/24_03_23/vertical/mask/seedlings_mask_2_6.jpg,/home/pqbas/projects/LABINM_Robotics_Automation/SeedlingsNet/classifiers/data/data/raw/24_03_23/horizontal/rgb/seedlings_2_6.jpg,/home/pqbas/projects/LABINM_Robotics_Automation/SeedlingsNet/classifiers/data/data/raw/24_03_23/vertical/rgb/seedlings_2_6.jpg,/home/pqbas/projects/LABINM_Robotics_Automation/SeedlingsNet/classifiers/data/data/raw/24_03_23/horizontal/depth/seedlings_2_6.jpg,/home/pqbas/projects/LABINM_Robotics_Automation/SeedlingsNet/classifiers/data/data/raw/24_03_23/vertical/depth/seedlings_2_6.jpg
84.91,4907,13396,95,111,126,238,/home/pqbas/projects/LABINM_Robotics_Automation/SeedlingsNet/classifiers/data/data/raw/24_03_23/horizontal/mask/seedlings_mask_3_1.jpg,/home/pqbas/projects/LABINM_Robotics_Automation/SeedlingsNet/classifiers/data/data/raw/24_03_23/vertical/mask/seedlings_mask_3_1.jpg,/home/pqbas/projects/LABINM_Robotics_Automation/SeedlingsNet/classifiers/data/data/raw/24_03_23/horizontal/rgb/seedlings_3_1.jpg,/home/pqbas/projects/LABINM_Robotics_Automation/SeedlingsNet/classifiers/data/data/raw/24_03_23/vertical/rgb/seedlings_3_1.jpg,/home/pqbas/projects/LABINM_Robotics_Automation/SeedlingsNet/classifiers/data/data/raw/24_03_23/horizontal/depth/seedlings_3_1.jpg,/home/pqbas/projects/LABINM_Robotics_Automation/SeedlingsNet/classifiers/data/data/raw/24_03_23/vertical/depth/seedlings_3_1.jpg
55.97,4118,4872,95,103,79,102,/home/pqbas/projects/LABINM_Robotics_Automation/SeedlingsNet/classifiers/data/data/raw/24_03_23/horizontal/mask/seedlings_mask_3_2.jpg,/home/pqbas/projects/LABINM_Robotics_Automation/SeedlingsNet/classifiers/data/data/raw/24_03_23/vertical/mask/seedlings_mask_3_2.jpg,/home/pqbas/projects/LABINM_Robotics_Automation/SeedlingsNet/classifiers/data/data/raw/24_03_23/horizontal/rgb/seedlings_3_2.jpg,/home/pqbas/projects/LABINM_Robotics_Automation/SeedlingsNet/classifiers/data/data/raw/24_03_23/vertical/rgb/seedlings_3_2.jpg,/home/pqbas/projects/LABINM_Robotics_Automation/SeedlingsNet/classifiers/data/data/raw/24_03_23/horizontal/depth/seedlings_3_2.jpg,/home/pqbas/projects/LABINM_Robotics_Automation/SeedlingsNet/classifiers/data/data/raw/24_03_23/vertical/depth/seedlings_3_2.jpg
82.35,5632,21762,103,215,151,279,/home/pqbas/projects/LABINM_Robotics_Automation/SeedlingsNet/classifiers/data/data/raw/24_03_23/horizontal/mask/seedlings_mask_3_4.jpg,/home/pqbas/projects/LABINM_Robotics_Automation/SeedlingsNet/classifiers/data/data/raw/24_03_23/vertical/mask/seedlings_mask_3_4.jpg,/home/pqbas/projects/LABINM_Robotics_Automation/SeedlingsNet/classifiers/data/data/raw/24_03_23/horizontal/rgb/seedlings_3_4.jpg,/home/pqbas/projects/LABINM_Robotics_Automation/SeedlingsNet/classifiers/data/data/raw/24_03_23/vertical/rgb/seedlings_3_4.jpg,/home/pqbas/projects/LABINM_Robotics_Automation/SeedlingsNet/classifiers/data/data/raw/24_03_23/horizontal/depth/seedlings_3_4.jpg,/home/pqbas/projects/LABINM_Robotics_Automation/SeedlingsNet/classifiers/data/data/raw/24_03_23/vertical/depth/seedlings_3_4.jpg
75.63,5286,14012,111,159,143,207,/home/pqbas/projects/LABINM_Robotics_Automation/SeedlingsNet/classifiers/data/data/raw/24_03_23/horizontal/mask/seedlings_mask_3_5.jpg,/home/pqbas/projects/LABINM_Robotics_Automation/SeedlingsNet/classifiers/data/data/raw/24_03_23/vertical/mask/seedlings_mask_3_5.jpg,/home/pqbas/projects/LABINM_Robotics_Automation/SeedlingsNet/classifiers/data/data/raw/24_03_23/horizontal/rgb/seedlings_3_5.jpg,/home/pqbas/projects/LABINM_Robotics_Automation/SeedlingsNet/classifiers/data/data/raw/24_03_23/vertical/rgb/seedlings_3_5.jpg,/home/pqbas/projects/LABINM_Robotics_Automation/SeedlingsNet/classifiers/data/data/raw/24_03_23/horizontal/depth/seedlings_3_5.jpg,/home/pqbas/projects/LABINM_Robotics_Automation/SeedlingsNet/classifiers/data/data/raw/24_03_23/vertical/depth/seedlings_3_5.jpg
48.38,5902,17203,119,199,110,215,/home/pqbas/projects/LABINM_Robotics_Automation/SeedlingsNet/classifiers/data/data/raw/24_03_23/horizontal/mask/seedlings_mask_3_6.jpg,/home/pqbas/projects/LABINM_Robotics_Automation/SeedlingsNet/classifiers/data/data/raw/24_03_23/vertical/mask/seedlings_mask_3_6.jpg,/home/pqbas/projects/LABINM_Robotics_Automation/SeedlingsNet/classifiers/data/data/raw/24_03_23/horizontal/rgb/seedlings_3_6.jpg,/home/pqbas/projects/LABINM_Robotics_Automation/SeedlingsNet/classifiers/data/data/raw/24_03_23/vertical/rgb/seedlings_3_6.jpg,/home/pqbas/projects/LABINM_Robotics_Automation/SeedlingsNet/classifiers/data/data/raw/24_03_23/horizontal/depth/seedlings_3_6.jpg,/home/pqbas/projects/LABINM_Robotics_Automation/SeedlingsNet/classifiers/data/data/raw/24_03_23/vertical/depth/seedlings_3_6.jpg
92.48,6376,23445,119,287,135,255,/home/pqbas/projects/LABINM_Robotics_Automation/SeedlingsNet/classifiers/data/data/raw/24_03_23/horizontal/mask/seedlings_mask_4_5.jpg,/home/pqbas/projects/LABINM_Robotics_Automation/SeedlingsNet/classifiers/data/data/raw/24_03_23/vertical/mask/seedlings_mask_4_5.jpg,/home/pqbas/projects/LABINM_Robotics_Automation/SeedlingsNet/classifiers/data/data/raw/24_03_23/horizontal/rgb/seedlings_4_5.jpg,/home/pqbas/projects/LABINM_Robotics_Automation/SeedlingsNet/classifiers/data/data/raw/24_03_23/vertical/rgb/seedlings_4_5.jpg,/home/pqbas/projects/LABINM_Robotics_Automation/SeedlingsNet/classifiers/data/data/raw/24_03_23/horizontal/depth/seedlings_4_5.jpg,/home/pqbas/projects/LABINM_Robotics_Automation/SeedlingsNet/classifiers/data/data/raw/24_03_23/vertical/depth/seedlings_4_5.jpg
69.56,4672,10807,103,134,126,223,/home/pqbas/projects/LABINM_Robotics_Automation/SeedlingsNet/classifiers/data/data/raw/24_03_23/horizontal/mask/seedlings_mask_5_2.jpg,/home/pqbas/projects/LABINM_Robotics_Automation/SeedlingsNet/classifiers/data/data/raw/24_03_23/vertical/mask/seedlings_mask_5_2.jpg,/home/pqbas/projects/LABINM_Robotics_Automation/SeedlingsNet/classifiers/data/data/raw/24_03_23/horizontal/rgb/seedlings_5_2.jpg,/home/pqbas/projects/LABINM_Robotics_Automation/SeedlingsNet/classifiers/data/data/raw/24_03_23/vertical/rgb/seedlings_5_2.jpg,/home/pqbas/projects/LABINM_Robotics_Automation/SeedlingsNet/classifiers/data/data/raw/24_03_23/horizontal/depth/seedlings_5_2.jpg,/home/pqbas/projects/LABINM_Robotics_Automation/SeedlingsNet/classifiers/data/data/raw/24_03_23/vertical/depth/seedlings_5_2.jpg
73.57,5247,14015,119,175,143,255,/home/pqbas/projects/LABINM_Robotics_Automation/SeedlingsNet/classifiers/data/data/raw/24_03_23/horizontal/mask/seedlings_mask_5_3.jpg,/home/pqbas/projects/LABINM_Robotics_Automation/SeedlingsNet/classifiers/data/data/raw/24_03_23/vertical/mask/seedlings_mask_5_3.jpg,/home/pqbas/projects/LABINM_Robotics_Automation/SeedlingsNet/classifiers/data/data/raw/24_03_23/horizontal/rgb/seedlings_5_3.jpg,/home/pqbas/projects/LABINM_Robotics_Automation/SeedlingsNet/classifiers/data/data/raw/24_03_23/vertical/rgb/seedlings_5_3.jpg,/home/pqbas/projects/LABINM_Robotics_Automation/SeedlingsNet/classifiers/data/data/raw/24_03_23/horizontal/depth/seedlings_5_3.jpg,/home/pqbas/projects/LABINM_Robotics_Automation/SeedlingsNet/classifiers/data/data/raw/24_03_23/vertical/depth/seedlings_5_3.jpg
110.67,4995,16474,111,127,151,295,/home/pqbas/projects/LABINM_Robotics_Automation/SeedlingsNet/classifiers/data/data/raw/24_03_23/horizontal/mask/seedlings_mask_5_4.jpg,/home/pqbas/projects/LABINM_Robotics_Automation/SeedlingsNet/classifiers/data/data/raw/24_03_23/vertical/mask/seedlings_mask_5_4.jpg,/home/pqbas/projects/LABINM_Robotics_Automation/SeedlingsNet/classifiers/data/data/raw/24_03_23/horizontal/rgb/seedlings_5_4.jpg,/home/pqbas/projects/LABINM_Robotics_Automation/SeedlingsNet/classifiers/data/data/raw/24_03_23/vertical/rgb/seedlings_5_4.jpg,/home/pqbas/projects/LABINM_Robotics_Automation/SeedlingsNet/classifiers/data/data/raw/24_03_23/horizontal/depth/seedlings_5_4.jpg,/home/pqbas/projects/LABINM_Robotics_Automation/SeedlingsNet/classifiers/data/data/raw/24_03_23/vertical/depth/seedlings_5_4.jpg
94.68,6018,21222,111,239,135,247,/home/pqbas/projects/LABINM_Robotics_Automation/SeedlingsNet/classifiers/data/data/raw/24_03_23/horizontal/mask/seedlings_mask_5_5.jpg,/home/pqbas/projects/LABINM_Robotics_Automation/SeedlingsNet/classifiers/data/data/raw/24_03_23/vertical/mask/seedlings_mask_5_5.jpg,/home/pqbas/projects/LABINM_Robotics_Automation/SeedlingsNet/classifiers/data/data/raw/24_03_23/horizontal/rgb/seedlings_5_5.jpg,/home/pqbas/projects/LABINM_Robotics_Automation/SeedlingsNet/classifiers/data/data/raw/24_03_23/vertical/rgb/seedlings_5_5.jpg,/home/pqbas/projects/LABINM_Robotics_Automation/SeedlingsNet/classifiers/data/data/raw/24_03_23/horizontal/depth/seedlings_5_5.jpg,/home/pqbas/projects/LABINM_Robotics_Automation/SeedlingsNet/classifiers/data/data/raw/24_03_23/vertical/depth/seedlings_5_5.jpg
87.88,5278,10863,135,119,95,175,/home/pqbas/projects/LABINM_Robotics_Automation/SeedlingsNet/classifiers/data/data/raw/24_03_23/horizontal/mask/seedlings_mask_5_6.jpg,/home/pqbas/projects/LABINM_Robotics_Automation/SeedlingsNet/classifiers/data/data/raw/24_03_23/vertical/mask/seedlings_mask_5_6.jpg,/home/pqbas/projects/LABINM_Robotics_Automation/SeedlingsNet/classifiers/data/data/raw/24_03_23/horizontal/rgb/seedlings_5_6.jpg,/home/pqbas/projects/LABINM_Robotics_Automation/SeedlingsNet/classifiers/data/data/raw/24_03_23/vertical/rgb/seedlings_5_6.jpg,/home/pqbas/projects/LABINM_Robotics_Automation/SeedlingsNet/classifiers/data/data/raw/24_03_23/horizontal/depth/seedlings_5_6.jpg,/home/pqbas/projects/LABINM_Robotics_Automation/SeedlingsNet/classifiers/data/data/raw/24_03_23/vertical/depth/seedlings_5_6.jpg
81.61,4879,15730,95,159,143,263,/home/pqbas/projects/LABINM_Robotics_Automation/SeedlingsNet/classifiers/data/data/raw/24_03_23/horizontal/mask/seedlings_mask_6_1.jpg,/home/pqbas/projects/LABINM_Robotics_Automation/SeedlingsNet/classifiers/data/data/raw/24_03_23/vertical/mask/seedlings_mask_6_1.jpg,/home/pqbas/projects/LABINM_Robotics_Automation/SeedlingsNet/classifiers/data/data/raw/24_03_23/horizontal/rgb/seedlings_6_1.jpg,/home/pqbas/projects/LABINM_Robotics_Automation/SeedlingsNet/classifiers/data/data/raw/24_03_23/vertical/rgb/seedlings_6_1.jpg,/home/pqbas/projects/LABINM_Robotics_Automation/SeedlingsNet/classifiers/data/data/raw/24_03_23/horizontal/depth/seedlings_6_1.jpg,/home/pqbas/projects/LABINM_Robotics_Automation/SeedlingsNet/classifiers/data/data/raw/24_03_23/vertical/depth/seedlings_6_1.jpg
75.4,4385,14947,87,159,158,271,/home/pqbas/projects/LABINM_Robotics_Automation/SeedlingsNet/classifiers/data/data/raw/24_03_23/horizontal/mask/seedlings_mask_6_2.jpg,/home/pqbas/projects/LABINM_Robotics_Automation/SeedlingsNet/classifiers/data/data/raw/24_03_23/vertical/mask/seedlings_mask_6_2.jpg,/home/pqbas/projects/LABINM_Robotics_Automation/SeedlingsNet/classifiers/data/data/raw/24_03_23/horizontal/rgb/seedlings_6_2.jpg,/home/pqbas/projects/LABINM_Robotics_Automation/SeedlingsNet/classifiers/data/data/raw/24_03_23/vertical/rgb/seedlings_6_2.jpg,/home/pqbas/projects/LABINM_Robotics_Automation/SeedlingsNet/classifiers/data/data/raw/24_03_23/horizontal/depth/seedlings_6_2.jpg,/home/pqbas/projects/LABINM_Robotics_Automation/SeedlingsNet/classifiers/data/data/raw/24_03_23/vertical/depth/seedlings_6_2.jpg
90.01,5897,22541,127,239,143,269,/home/pqbas/projects/LABINM_Robotics_Automation/SeedlingsNet/classifiers/data/data/raw/24_03_23/horizontal/mask/seedlings_mask_6_3.jpg,/home/pqbas/projects/LABINM_Robotics_Automation/SeedlingsNet/classifiers/data/data/raw/24_03_23/vertical/mask/seedlings_mask_6_3.jpg,/home/pqbas/projects/LABINM_Robotics_Automation/SeedlingsNet/classifiers/data/data/raw/24_03_23/horizontal/rgb/seedlings_6_3.jpg,/home/pqbas/projects/LABINM_Robotics_Automation/SeedlingsNet/classifiers/data/data/raw/24_03_23/vertical/rgb/seedlings_6_3.jpg,/home/pqbas/projects/LABINM_Robotics_Automation/SeedlingsNet/classifiers/data/data/raw/24_03_23/horizontal/depth/seedlings_6_3.jpg,/home/pqbas/projects/LABINM_Robotics_Automation/SeedlingsNet/classifiers/data/data/raw/24_03_23/vertical/depth/seedlings_6_3.jpg
94.92,5798,17054,103,183,143,255,/home/pqbas/projects/LABINM_Robotics_Automation/SeedlingsNet/classifiers/data/data/raw/24_03_23/horizontal/mask/seedlings_mask_6_4.jpg,/home/pqbas/projects/LABINM_Robotics_Automation/SeedlingsNet/classifiers/data/data/raw/24_03_23/vertical/mask/seedlings_mask_6_4.jpg,/home/pqbas/projects/LABINM_Robotics_Automation/SeedlingsNet/classifiers/data/data/raw/24_03_23/horizontal/rgb/seedlings_6_4.jpg,/home/pqbas/projects/LABINM_Robotics_Automation/SeedlingsNet/classifiers/data/data/raw/24_03_23/vertical/rgb/seedlings_6_4.jpg,/home/pqbas/projects/LABINM_Robotics_Automation/SeedlingsNet/classifiers/data/data/raw/24_03_23/horizontal/depth/seedlings_6_4.jpg,/home/pqbas/projects/LABINM_Robotics_Automation/SeedlingsNet/classifiers/data/data/raw/24_03_23/vertical/depth/seedlings_6_4.jpg
95.69,7048,23976,135,231,166,311,/home/pqbas/projects/LABINM_Robotics_Automation/SeedlingsNet/classifiers/data/data/raw/24_03_23/horizontal/mask/seedlings_mask_6_5.jpg,/home/pqbas/projects/LABINM_Robotics_Automation/SeedlingsNet/classifiers/data/data/raw/24_03_23/vertical/mask/seedlings_mask_6_5.jpg,/home/pqbas/projects/LABINM_Robotics_Automation/SeedlingsNet/classifiers/data/data/raw/24_03_23/horizontal/rgb/seedlings_6_5.jpg,/home/pqbas/projects/LABINM_Robotics_Automation/SeedlingsNet/classifiers/data/data/raw/24_03_23/vertical/rgb/seedlings_6_5.jpg,/home/pqbas/projects/LABINM_Robotics_Automation/SeedlingsNet/classifiers/data/data/raw/24_03_23/horizontal/depth/seedlings_6_5.jpg,/home/pqbas/projects/LABINM_Robotics_Automation/SeedlingsNet/classifiers/data/data/raw/24_03_23/vertical/depth/seedlings_6_5.jpg
78.79,5467,19813,103,191,159,295,/home/pqbas/projects/LABINM_Robotics_Automation/SeedlingsNet/classifiers/data/data/raw/24_03_23/horizontal/mask/seedlings_mask_6_6.jpg,/home/pqbas/projects/LABINM_Robotics_Automation/SeedlingsNet/classifiers/data/data/raw/24_03_23/vertical/mask/seedlings_mask_6_6.jpg,/home/pqbas/projects/LABINM_Robotics_Automation/SeedlingsNet/classifiers/data/data/raw/24_03_23/horizontal/rgb/seedlings_6_6.jpg,/home/pqbas/projects/LABINM_Robotics_Automation/SeedlingsNet/classifiers/data/data/raw/24_03_23/vertical/rgb/seedlings_6_6.jpg,/home/pqbas/projects/LABINM_Robotics_Automation/SeedlingsNet/classifiers/data/data/raw/24_03_23/horizontal/depth/seedlings_6_6.jpg,/home/pqbas/projects/LABINM_Robotics_Automation/SeedlingsNet/classifiers/data/data/raw/24_03_23/vertical/depth/seedlings_6_6.jpg
71.93,4947,14481,103,175,143,247,/home/pqbas/projects/LABINM_Robotics_Automation/SeedlingsNet/classifiers/data/data/raw/24_03_23/horizontal/mask/seedlings_mask_7_1.jpg,/home/pqbas/projects/LABINM_Robotics_Automation/SeedlingsNet/classifiers/data/data/raw/24_03_23/vertical/mask/seedlings_mask_7_1.jpg,/home/pqbas/projects/LABINM_Robotics_Automation/SeedlingsNet/classifiers/data/data/raw/24_03_23/horizontal/rgb/seedlings_7_1.jpg,/home/pqbas/projects/LABINM_Robotics_Automation/SeedlingsNet/classifiers/data/data/raw/24_03_23/vertical/rgb/seedlings_7_1.jpg,/home/pqbas/projects/LABINM_Robotics_Automation/SeedlingsNet/classifiers/data/data/raw/24_03_23/horizontal/depth/seedlings_7_1.jpg,/home/pqbas/projects/LABINM_Robotics_Automation/SeedlingsNet/classifiers/data/data/raw/24_03_23/vertical/depth/seedlings_7_1.jpg
41.43,3553,6961,79,119,78,135,/home/pqbas/projects/LABINM_Robotics_Automation/SeedlingsNet/classifiers/data/data/raw/24_03_23/horizontal/mask/seedlings_mask_7_2.jpg,/home/pqbas/projects/LABINM_Robotics_Automation/SeedlingsNet/classifiers/data/data/raw/24_03_23/vertical/mask/seedlings_mask_7_2.jpg,/home/pqbas/projects/LABINM_Robotics_Automation/SeedlingsNet/classifiers/data/data/raw/24_03_23/horizontal/rgb/seedlings_7_2.jpg,/home/pqbas/projects/LABINM_Robotics_Automation/SeedlingsNet/classifiers/data/data/raw/24_03_23/vertical/rgb/seedlings_7_2.jpg,/home/pqbas/projects/LABINM_Robotics_Automation/SeedlingsNet/classifiers/data/data/raw/24_03_23/horizontal/depth/seedlings_7_2.jpg,/home/pqbas/projects/LABINM_Robotics_Automation/SeedlingsNet/classifiers/data/data/raw/24_03_23/vertical/depth/seedlings_7_2.jpg
92.6,5572,23366,119,199,175,335,/home/pqbas/projects/LABINM_Robotics_Automation/SeedlingsNet/classifiers/data/data/raw/24_03_23/horizontal/mask/seedlings_mask_7_3.jpg,/home/pqbas/projects/LABINM_Robotics_Automation/SeedlingsNet/classifiers/data/data/raw/24_03_23/vertical/mask/seedlings_mask_7_3.jpg,/home/pqbas/projects/LABINM_Robotics_Automation/SeedlingsNet/classifiers/data/data/raw/24_03_23/horizontal/rgb/seedlings_7_3.jpg,/home/pqbas/projects/LABINM_Robotics_Automation/SeedlingsNet/classifiers/data/data/raw/24_03_23/vertical/rgb/seedlings_7_3.jpg,/home/pqbas/projects/LABINM_Robotics_Automation/SeedlingsNet/classifiers/data/data/raw/24_03_23/horizontal/depth/seedlings_7_3.jpg,/home/pqbas/projects/LABINM_Robotics_Automation/SeedlingsNet/classifiers/data/data/raw/24_03_23/vertical/depth/seedlings_7_3.jpg
80.07,5562,15136,111,167,119,207,/home/pqbas/projects/LABINM_Robotics_Automation/SeedlingsNet/classifiers/data/data/raw/24_03_23/horizontal/mask/seedlings_mask_7_5.jpg,/home/pqbas/projects/LABINM_Robotics_Automation/SeedlingsNet/classifiers/data/data/raw/24_03_23/vertical/mask/seedlings_mask_7_5.jpg,/home/pqbas/projects/LABINM_Robotics_Automation/SeedlingsNet/classifiers/data/data/raw/24_03_23/horizontal/rgb/seedlings_7_5.jpg,/home/pqbas/projects/LABINM_Robotics_Automation/SeedlingsNet/classifiers/data/data/raw/24_03_23/vertical/rgb/seedlings_7_5.jpg,/home/pqbas/projects/LABINM_Robotics_Automation/SeedlingsNet/classifiers/data/data/raw/24_03_23/horizontal/depth/seedlings_7_5.jpg,/home/pqbas/projects/LABINM_Robotics_Automation/SeedlingsNet/classifiers/data/data/raw/24_03_23/vertical/depth/seedlings_7_5.jpg
75.15,4784,15088,95,151,111,199,/home/pqbas/projects/LABINM_Robotics_Automation/SeedlingsNet/classifiers/data/data/raw/24_03_23/horizontal/mask/seedlings_mask_7_6.jpg,/home/pqbas/projects/LABINM_Robotics_Automation/SeedlingsNet/classifiers/data/data/raw/24_03_23/vertical/mask/seedlings_mask_7_6.jpg,/home/pqbas/projects/LABINM_Robotics_Automation/SeedlingsNet/classifiers/data/data/raw/24_03_23/horizontal/rgb/seedlings_7_6.jpg,/home/pqbas/projects/LABINM_Robotics_Automation/SeedlingsNet/classifiers/data/data/raw/24_03_23/vertical/rgb/seedlings_7_6.jpg,/home/pqbas/projects/LABINM_Robotics_Automation/SeedlingsNet/classifiers/data/data/raw/24_03_23/horizontal/depth/seedlings_7_6.jpg,/home/pqbas/projects/LABINM_Robotics_Automation/SeedlingsNet/classifiers/data/data/raw/24_03_23/vertical/depth/seedlings_7_6.jpg
70.02,4707,12843,111,159,119,207,/home/pqbas/projects/LABINM_Robotics_Automation/SeedlingsNet/classifiers/data/data/raw/24_03_23/horizontal/mask/seedlings_mask_8_1.jpg,/home/pqbas/projects/LABINM_Robotics_Automation/SeedlingsNet/classifiers/data/data/raw/24_03_23/vertical/mask/seedlings_mask_8_1.jpg,/home/pqbas/projects/LABINM_Robotics_Automation/SeedlingsNet/classifiers/data/data/raw/24_03_23/horizontal/rgb/seedlings_8_1.jpg,/home/pqbas/projects/LABINM_Robotics_Automation/SeedlingsNet/classifiers/data/data/raw/24_03_23/vertical/rgb/seedlings_8_1.jpg,/home/pqbas/projects/LABINM_Robotics_Automation/SeedlingsNet/classifiers/data/data/raw/24_03_23/horizontal/depth/seedlings_8_1.jpg,/home/pqbas/projects/LABINM_Robotics_Automation/SeedlingsNet/classifiers/data/data/raw/24_03_23/vertical/depth/seedlings_8_1.jpg
88.45,7146,21397,119,223,151,271,/home/pqbas/projects/LABINM_Robotics_Automation/SeedlingsNet/classifiers/data/data/raw/24_03_23/horizontal/mask/seedlings_mask_8_2.jpg,/home/pqbas/projects/LABINM_Robotics_Automation/SeedlingsNet/classifiers/data/data/raw/24_03_23/vertical/mask/seedlings_mask_8_2.jpg,/home/pqbas/projects/LABINM_Robotics_Automation/SeedlingsNet/classifiers/data/data/raw/24_03_23/horizontal/rgb/seedlings_8_2.jpg,/home/pqbas/projects/LABINM_Robotics_Automation/SeedlingsNet/classifiers/data/data/raw/24_03_23/vertical/rgb/seedlings_8_2.jpg,/home/pqbas/projects/LABINM_Robotics_Automation/SeedlingsNet/classifiers/data/data/raw/24_03_23/horizontal/depth/seedlings_8_2.jpg,/home/pqbas/projects/LABINM_Robotics_Automation/SeedlingsNet/classifiers/data/data/raw/24_03_23/vertical/depth/seedlings_8_2.jpg
96.41,7129,20613,127,223,151,263,/home/pqbas/projects/LABINM_Robotics_Automation/SeedlingsNet/classifiers/data/data/raw/24_03_23/horizontal/mask/seedlings_mask_8_3.jpg,/home/pqbas/projects/LABINM_Robotics_Automation/SeedlingsNet/classifiers/data/data/raw/24_03_23/vertical/mask/seedlings_mask_8_3.jpg,/home/pqbas/projects/LABINM_Robotics_Automation/SeedlingsNet/classifiers/data/data/raw/24_03_23/horizontal/rgb/seedlings_8_3.jpg,/home/pqbas/projects/LABINM_Robotics_Automation/SeedlingsNet/classifiers/data/data/raw/24_03_23/vertical/rgb/seedlings_8_3.jpg,/home/pqbas/projects/LABINM_Robotics_Automation/SeedlingsNet/classifiers/data/data/raw/24_03_23/horizontal/depth/seedlings_8_3.jpg,/home/pqbas/projects/LABINM_Robotics_Automation/SeedlingsNet/classifiers/data/data/raw/24_03_23/vertical/depth/seedlings_8_3.jpg
102.1,6460,21633,103,207,151,263,/home/pqbas/projects/LABINM_Robotics_Automation/SeedlingsNet/classifiers/data/data/raw/24_03_23/horizontal/mask/seedlings_mask_8_4.jpg,/home/pqbas/projects/LABINM_Robotics_Automation/SeedlingsNet/classifiers/data/data/raw/24_03_23/vertical/mask/seedlings_mask_8_4.jpg,/home/pqbas/projects/LABINM_Robotics_Automation/SeedlingsNet/classifiers/data/data/raw/24_03_23/horizontal/rgb/seedlings_8_4.jpg,/home/pqbas/projects/LABINM_Robotics_Automation/SeedlingsNet/classifiers/data/data/raw/24_03_23/vertical/rgb/seedlings_8_4.jpg,/home/pqbas/projects/LABINM_Robotics_Automation/SeedlingsNet/classifiers/data/data/raw/24_03_23/horizontal/depth/seedlings_8_4.jpg,/home/pqbas/projects/LABINM_Robotics_Automation/SeedlingsNet/classifiers/data/data/raw/24_03_23/vertical/depth/seedlings_8_4.jpg
94.28,7497,16217,111,191,167,223,/home/pqbas/projects/LABINM_Robotics_Automation/SeedlingsNet/classifiers/data/data/raw/24_03_23/horizontal/mask/seedlings_mask_8_5.jpg,/home/pqbas/projects/LABINM_Robotics_Automation/SeedlingsNet/classifiers/data/data/raw/24_03_23/vertical/mask/seedlings_mask_8_5.jpg,/home/pqbas/projects/LABINM_Robotics_Automation/SeedlingsNet/classifiers/data/data/raw/24_03_23/horizontal/rgb/seedlings_8_5.jpg,/home/pqbas/projects/LABINM_Robotics_Automation/SeedlingsNet/classifiers/data/data/raw/24_03_23/vertical/rgb/seedlings_8_5.jpg,/home/pqbas/projects/LABINM_Robotics_Automation/SeedlingsNet/classifiers/data/data/raw/24_03_23/horizontal/depth/seedlings_8_5.jpg,/home/pqbas/projects/LABINM_Robotics_Automation/SeedlingsNet/classifiers/data/data/raw/24_03_23/vertical/depth/seedlings_8_5.jpg
55.92,4158,10038,103,119,103,183,/home/pqbas/projects/LABINM_Robotics_Automation/SeedlingsNet/classifiers/data/data/raw/24_03_23/horizontal/mask/seedlings_mask_8_6.jpg,/home/pqbas/projects/LABINM_Robotics_Automation/SeedlingsNet/classifiers/data/data/raw/24_03_23/vertical/mask/seedlings_mask_8_6.jpg,/home/pqbas/projects/LABINM_Robotics_Automation/SeedlingsNet/classifiers/data/data/raw/24_03_23/horizontal/rgb/seedlings_8_6.jpg,/home/pqbas/projects/LABINM_Robotics_Automation/SeedlingsNet/classifiers/data/data/raw/24_03_23/vertical/rgb/seedlings_8_6.jpg,/home/pqbas/projects/LABINM_Robotics_Automation/SeedlingsNet/classifiers/data/data/raw/24_03_23/horizontal/depth/seedlings_8_6.jpg,/home/pqbas/projects/LABINM_Robotics_Automation/SeedlingsNet/classifiers/data/data/raw/24_03_23/vertical/depth/seedlings_8_6.jpg
69.93,4689,14712,103,175,124,231,/home/pqbas/projects/LABINM_Robotics_Automation/SeedlingsNet/classifiers/data/data/raw/24_03_23/horizontal/mask/seedlings_mask_9_1.jpg,/home/pqbas/projects/LABINM_Robotics_Automation/SeedlingsNet/classifiers/data/data/raw/24_03_23/vertical/mask/seedlings_mask_9_1.jpg,/home/pqbas/projects/LABINM_Robotics_Automation/SeedlingsNet/classifiers/data/data/raw/24_03_23/horizontal/rgb/seedlings_9_1.jpg,/home/pqbas/projects/LABINM_Robotics_Automation/SeedlingsNet/classifiers/data/data/raw/24_03_23/vertical/rgb/seedlings_9_1.jpg,/home/pqbas/projects/LABINM_Robotics_Automation/SeedlingsNet/classifiers/data/data/raw/24_03_23/horizontal/depth/seedlings_9_1.jpg,/home/pqbas/projects/LABINM_Robotics_Automation/SeedlingsNet/classifiers/data/data/raw/24_03_23/vertical/depth/seedlings_9_1.jpg
81.66,5207,10743,103,103,143,263,/home/pqbas/projects/LABINM_Robotics_Automation/SeedlingsNet/classifiers/data/data/raw/24_03_23/horizontal/mask/seedlings_mask_9_2.jpg,/home/pqbas/projects/LABINM_Robotics_Automation/SeedlingsNet/classifiers/data/data/raw/24_03_23/vertical/mask/seedlings_mask_9_2.jpg,/home/pqbas/projects/LABINM_Robotics_Automation/SeedlingsNet/classifiers/data/data/raw/24_03_23/horizontal/rgb/seedlings_9_2.jpg,/home/pqbas/projects/LABINM_Robotics_Automation/SeedlingsNet/classifiers/data/data/raw/24_03_23/vertical/rgb/seedlings_9_2.jpg,/home/pqbas/projects/LABINM_Robotics_Automation/SeedlingsNet/classifiers/data/data/raw/24_03_23/horizontal/depth/seedlings_9_2.jpg,/home/pqbas/projects/LABINM_Robotics_Automation/SeedlingsNet/classifiers/data/data/raw/24_03_23/vertical/depth/seedlings_9_2.jpg
84.8,5890,17435,111,183,143,230,/home/pqbas/projects/LABINM_Robotics_Automation/SeedlingsNet/classifiers/data/data/raw/24_03_23/horizontal/mask/seedlings_mask_9_3.jpg,/home/pqbas/projects/LABINM_Robotics_Automation/SeedlingsNet/classifiers/data/data/raw/24_03_23/vertical/mask/seedlings_mask_9_3.jpg,/home/pqbas/projects/LABINM_Robotics_Automation/SeedlingsNet/classifiers/data/data/raw/24_03_23/horizontal/rgb/seedlings_9_3.jpg,/home/pqbas/projects/LABINM_Robotics_Automation/SeedlingsNet/classifiers/data/data/raw/24_03_23/vertical/rgb/seedlings_9_3.jpg,/home/pqbas/projects/LABINM_Robotics_Automation/SeedlingsNet/classifiers/data/data/raw/24_03_23/horizontal/depth/seedlings_9_3.jpg,/home/pqbas/projects/LABINM_Robotics_Automation/SeedlingsNet/classifiers/data/data/raw/24_03_23/vertical/depth/seedlings_9_3.jpg
106.32,6622,16635,111,149,143,247,/home/pqbas/projects/LABINM_Robotics_Automation/SeedlingsNet/classifiers/data/data/raw/24_03_23/horizontal/mask/seedlings_mask_9_4.jpg,/home/pqbas/projects/LABINM_Robotics_Automation/SeedlingsNet/classifiers/data/data/raw/24_03_23/vertical/mask/seedlings_mask_9_4.jpg,/home/pqbas/projects/LABINM_Robotics_Automation/SeedlingsNet/classifiers/data/data/raw/24_03_23/horizontal/rgb/seedlings_9_4.jpg,/home/pqbas/projects/LABINM_Robotics_Automation/SeedlingsNet/classifiers/data/data/raw/24_03_23/vertical/rgb/seedlings_9_4.jpg,/home/pqbas/projects/LABINM_Robotics_Automation/SeedlingsNet/classifiers/data/data/raw/24_03_23/horizontal/depth/seedlings_9_4.jpg,/home/pqbas/projects/LABINM_Robotics_Automation/SeedlingsNet/classifiers/data/data/raw/24_03_23/vertical/depth/seedlings_9_4.jpg
86.47,5604,18634,103,223,111,207,/home/pqbas/projects/LABINM_Robotics_Automation/SeedlingsNet/classifiers/data/data/raw/24_03_23/horizontal/mask/seedlings_mask_9_5.jpg,/home/pqbas/projects/LABINM_Robotics_Automation/SeedlingsNet/classifiers/data/data/raw/24_03_23/vertical/mask/seedlings_mask_9_5.jpg,/home/pqbas/projects/LABINM_Robotics_Automation/SeedlingsNet/classifiers/data/data/raw/24_03_23/horizontal/rgb/seedlings_9_5.jpg,/home/pqbas/projects/LABINM_Robotics_Automation/SeedlingsNet/classifiers/data/data/raw/24_03_23/vertical/rgb/seedlings_9_5.jpg,/home/pqbas/projects/LABINM_Robotics_Automation/SeedlingsNet/classifiers/data/data/raw/24_03_23/horizontal/depth/seedlings_9_5.jpg,/home/pqbas/projects/LABINM_Robotics_Automation/SeedlingsNet/classifiers/data/data/raw/24_03_23/vertical/depth/seedlings_9_5.jpg
65.36,4591,11695,103,143,119,215,/home/pqbas/projects/LABINM_Robotics_Automation/SeedlingsNet/classifiers/data/data/raw/24_03_23/horizontal/mask/seedlings_mask_9_6.jpg,/home/pqbas/projects/LABINM_Robotics_Automation/SeedlingsNet/classifiers/data/data/raw/24_03_23/vertical/mask/seedlings_mask_9_6.jpg,/home/pqbas/projects/LABINM_Robotics_Automation/SeedlingsNet/classifiers/data/data/raw/24_03_23/horizontal/rgb/seedlings_9_6.jpg,/home/pqbas/projects/LABINM_Robotics_Automation/SeedlingsNet/classifiers/data/data/raw/24_03_23/vertical/rgb/seedlings_9_6.jpg,/home/pqbas/projects/LABINM_Robotics_Automation/SeedlingsNet/classifiers/data/data/raw/24_03_23/horizontal/depth/seedlings_9_6.jpg,/home/pqbas/projects/LABINM_Robotics_Automation/SeedlingsNet/classifiers/data/data/raw/24_03_23/vertical/depth/seedlings_9_6.jpg
98.43,6716,18519,119,175,135,247,/home/pqbas/projects/LABINM_Robotics_Automation/SeedlingsNet/classifiers/data/data/raw/24_03_23/horizontal/mask/seedlings_mask_10_3.jpg,/home/pqbas/projects/LABINM_Robotics_Automation/SeedlingsNet/classifiers/data/data/raw/24_03_23/vertical/mask/seedlings_mask_10_3.jpg,/home/pqbas/projects/LABINM_Robotics_Automation/SeedlingsNet/classifiers/data/data/raw/24_03_23/horizontal/rgb/seedlings_10_3.jpg,/home/pqbas/projects/LABINM_Robotics_Automation/SeedlingsNet/classifiers/data/data/raw/24_03_23/vertical/rgb/seedlings_10_3.jpg,/home/pqbas/projects/LABINM_Robotics_Automation/SeedlingsNet/classifiers/data/data/raw/24_03_23/horizontal/depth/seedlings_10_3.jpg,/home/pqbas/projects/LABINM_Robotics_Automation/SeedlingsNet/classifiers/data/data/raw/24_03_23/vertical/depth/seedlings_10_3.jpg
58.96,5849,16011,111,175,135,238,/home/pqbas/projects/LABINM_Robotics_Automation/SeedlingsNet/classifiers/data/data/raw/24_03_23/horizontal/mask/seedlings_mask_10_4.jpg,/home/pqbas/projects/LABINM_Robotics_Automation/SeedlingsNet/classifiers/data/data/raw/24_03_23/vertical/mask/seedlings_mask_10_4.jpg,/home/pqbas/projects/LABINM_Robotics_Automation/SeedlingsNet/classifiers/data/data/raw/24_03_23/horizontal/rgb/seedlings_10_4.jpg,/home/pqbas/projects/LABINM_Robotics_Automation/SeedlingsNet/classifiers/data/data/raw/24_03_23/vertical/rgb/seedlings_10_4.jpg,/home/pqbas/projects/LABINM_Robotics_Automation/SeedlingsNet/classifiers/data/data/raw/24_03_23/horizontal/depth/seedlings_10_4.jpg,/home/pqbas/projects/LABINM_Robotics_Automation/SeedlingsNet/classifiers/data/data/raw/24_03_23/vertical/depth/seedlings_10_4.jpg
71.01,5312,11756,103,199,111,199,/home/pqbas/projects/LABINM_Robotics_Automation/SeedlingsNet/classifiers/data/data/raw/24_03_23/horizontal/mask/seedlings_mask_10_5.jpg,/home/pqbas/projects/LABINM_Robotics_Automation/SeedlingsNet/classifiers/data/data/raw/24_03_23/vertical/mask/seedlings_mask_10_5.jpg,/home/pqbas/projects/LABINM_Robotics_Automation/SeedlingsNet/classifiers/data/data/raw/24_03_23/horizontal/rgb/seedlings_10_5.jpg,/home/pqbas/projects/LABINM_Robotics_Automation/SeedlingsNet/classifiers/data/data/raw/24_03_23/vertical/rgb/seedlings_10_5.jpg,/home/pqbas/projects/LABINM_Robotics_Automation/SeedlingsNet/classifiers/data/data/raw/24_03_23/horizontal/depth/seedlings_10_5.jpg,/home/pqbas/projects/LABINM_Robotics_Automation/SeedlingsNet/classifiers/data/data/raw/24_03_23/vertical/depth/seedlings_10_5.jpg
70.52,5101,12299,111,151,111,191,/home/pqbas/projects/LABINM_Robotics_Automation/SeedlingsNet/classifiers/data/data/raw/24_03_23/horizontal/mask/seedlings_mask_10_6.jpg,/home/pqbas/projects/LABINM_Robotics_Automation/SeedlingsNet/classifiers/data/data/raw/24_03_23/vertical/mask/seedlings_mask_10_6.jpg,/home/pqbas/projects/LABINM_Robotics_Automation/SeedlingsNet/classifiers/data/data/raw/24_03_23/horizontal/rgb/seedlings_10_6.jpg,/home/pqbas/projects/LABINM_Robotics_Automation/SeedlingsNet/classifiers/data/data/raw/24_03_23/vertical/rgb/seedlings_10_6.jpg,/home/pqbas/projects/LABINM_Robotics_Automation/SeedlingsNet/classifiers/data/data/raw/24_03_23/horizontal/depth/seedlings_10_6.jpg,/home/pqbas/projects/LABINM_Robotics_Automation/SeedlingsNet/classifiers/data/data/raw/24_03_23/vertical/depth/seedlings_10_6.jpg
64.71,4619,7533,95,127,103,135,/home/pqbas/projects/LABINM_Robotics_Automation/SeedlingsNet/classifiers/data/data/raw/24_03_23/horizontal/mask/seedlings_mask_11_1.jpg,/home/pqbas/projects/LABINM_Robotics_Automation/SeedlingsNet/classifiers/data/data/raw/24_03_23/vertical/mask/seedlings_mask_11_1.jpg,/home/pqbas/projects/LABINM_Robotics_Automation/SeedlingsNet/classifiers/data/data/raw/24_03_23/horizontal/rgb/seedlings_11_1.jpg,/home/pqbas/projects/LABINM_Robotics_Automation/SeedlingsNet/classifiers/data/data/raw/24_03_23/vertical/rgb/seedlings_11_1.jpg,/home/pqbas/projects/LABINM_Robotics_Automation/SeedlingsNet/classifiers/data/data/raw/24_03_23/horizontal/depth/seedlings_11_1.jpg,/home/pqbas/projects/LABINM_Robotics_Automation/SeedlingsNet/classifiers/data/data/raw/24_03_23/vertical/depth/seedlings_11_1.jpg
70.88,5347,12381,111,183,103,175,/home/pqbas/projects/LABINM_Robotics_Automation/SeedlingsNet/classifiers/data/data/raw/24_03_23/horizontal/mask/seedlings_mask_11_2.jpg,/home/pqbas/projects/LABINM_Robotics_Automation/SeedlingsNet/classifiers/data/data/raw/24_03_23/vertical/mask/seedlings_mask_11_2.jpg,/home/pqbas/projects/LABINM_Robotics_Automation/SeedlingsNet/classifiers/data/data/raw/24_03_23/horizontal/rgb/seedlings_11_2.jpg,/home/pqbas/projects/LABINM_Robotics_Automation/SeedlingsNet/classifiers/data/data/raw/24_03_23/vertical/rgb/seedlings_11_2.jpg,/home/pqbas/projects/LABINM_Robotics_Automation/SeedlingsNet/classifiers/data/data/raw/24_03_23/horizontal/depth/seedlings_11_2.jpg,/home/pqbas/projects/LABINM_Robotics_Automation/SeedlingsNet/classifiers/data/data/raw/24_03_23/vertical/depth/seedlings_11_2.jpg
88.33,6918,12244,127,135,135,239,/home/pqbas/projects/LABINM_Robotics_Automation/SeedlingsNet/classifiers/data/data/raw/24_03_23/horizontal/mask/seedlings_mask_11_3.jpg,/home/pqbas/projects/LABINM_Robotics_Automation/SeedlingsNet/classifiers/data/data/raw/24_03_23/vertical/mask/seedlings_mask_11_3.jpg,/home/pqbas/projects/LABINM_Robotics_Automation/SeedlingsNet/classifiers/data/data/raw/24_03_23/horizontal/rgb/seedlings_11_3.jpg,/home/pqbas/projects/LABINM_Robotics_Automation/SeedlingsNet/classifiers/data/data/raw/24_03_23/vertical/rgb/seedlings_11_3.jpg,/home/pqbas/projects/LABINM_Robotics_Automation/SeedlingsNet/classifiers/data/data/raw/24_03_23/horizontal/depth/seedlings_11_3.jpg,/home/pqbas/projects/LABINM_Robotics_Automation/SeedlingsNet/classifiers/data/data/raw/24_03_23/vertical/depth/seedlings_11_3.jpg
63.53,4557,15625,103,151,111,207,/home/pqbas/projects/LABINM_Robotics_Automation/SeedlingsNet/classifiers/data/data/raw/24_03_23/horizontal/mask/seedlings_mask_11_4.jpg,/home/pqbas/projects/LABINM_Robotics_Automation/SeedlingsNet/classifiers/data/data/raw/24_03_23/vertical/mask/seedlings_mask_11_4.jpg,/home/pqbas/projects/LABINM_Robotics_Automation/SeedlingsNet/classifiers/data/data/raw/24_03_23/horizontal/rgb/seedlings_11_4.jpg,/home/pqbas/projects/LABINM_Robotics_Automation/SeedlingsNet/classifiers/data/data/raw/24_03_23/vertical/rgb/seedlings_11_4.jpg,/home/pqbas/projects/LABINM_Robotics_Automation/SeedlingsNet/classifiers/data/data/raw/24_03_23/horizontal/depth/seedlings_11_4.jpg,/home/pqbas/projects/LABINM_Robotics_Automation/SeedlingsNet/classifiers/data/data/raw/24_03_23/vertical/depth/seedlings_11_4.jpg
81.1,6085,15028,111,143,119,207,/home/pqbas/projects/LABINM_Robotics_Automation/SeedlingsNet/classifiers/data/data/raw/24_03_23/horizontal/mask/seedlings_mask_11_5.jpg,/home/pqbas/projects/LABINM_Robotics_Automation/SeedlingsNet/classifiers/data/data/raw/24_03_23/vertical/mask/seedlings_mask_11_5.jpg,/home/pqbas/projects/LABINM_Robotics_Automation/SeedlingsNet/classifiers/data/data/raw/24_03_23/horizontal/rgb/seedlings_11_5.jpg,/home/pqbas/projects/LABINM_Robotics_Automation/SeedlingsNet/classifiers/data/data/raw/24_03_23/vertical/rgb/seedlings_11_5.jpg,/home/pqbas/projects/LABINM_Robotics_Automation/SeedlingsNet/classifiers/data/data/raw/24_03_23/horizontal/depth/seedlings_11_5.jpg,/home/pqbas/projects/LABINM_Robotics_Automation/SeedlingsNet/classifiers/data/data/raw/24_03_23/vertical/depth/seedlings_11_5.jpg
52.61,4624,9099,103,127,86,151,/home/pqbas/projects/LABINM_Robotics_Automation/SeedlingsNet/classifiers/data/data/raw/24_03_23/horizontal/mask/seedlings_mask_12_2.jpg,/home/pqbas/projects/LABINM_Robotics_Automation/SeedlingsNet/classifiers/data/data/raw/24_03_23/vertical/mask/seedlings_mask_12_2.jpg,/home/pqbas/projects/LABINM_Robotics_Automation/SeedlingsNet/classifiers/data/data/raw/24_03_23/horizontal/rgb/seedlings_12_2.jpg,/home/pqbas/projects/LABINM_Robotics_Automation/SeedlingsNet/classifiers/data/data/raw/24_03_23/vertical/rgb/seedlings_12_2.jpg,/home/pqbas/projects/LABINM_Robotics_Automation/SeedlingsNet/classifiers/data/data/raw/24_03_23/horizontal/depth/seedlings_12_2.jpg,/home/pqbas/projects/LABINM_Robotics_Automation/SeedlingsNet/classifiers/data/data/raw/24_03_23/vertical/depth/seedlings_12_2.jpg
46.51,3662,7503,87,127,77,151,/home/pqbas/projects/LABINM_Robotics_Automation/SeedlingsNet/classifiers/data/data/raw/24_03_23/horizontal/mask/seedlings_mask_12_3.jpg,/home/pqbas/projects/LABINM_Robotics_Automation/SeedlingsNet/classifiers/data/data/raw/24_03_23/vertical/mask/seedlings_mask_12_3.jpg,/home/pqbas/projects/LABINM_Robotics_Automation/SeedlingsNet/classifiers/data/data/raw/24_03_23/horizontal/rgb/seedlings_12_3.jpg,/home/pqbas/projects/LABINM_Robotics_Automation/SeedlingsNet/classifiers/data/data/raw/24_03_23/vertical/rgb/seedlings_12_3.jpg,/home/pqbas/projects/LABINM_Robotics_Automation/SeedlingsNet/classifiers/data/data/raw/24_03_23/horizontal/depth/seedlings_12_3.jpg,/home/pqbas/projects/LABINM_Robotics_Automation/SeedlingsNet/classifiers/data/data/raw/24_03_23/vertical/depth/seedlings_12_3.jpg
91.77,5900,14789,111,151,127,223,/home/pqbas/projects/LABINM_Robotics_Automation/SeedlingsNet/classifiers/data/data/raw/24_03_23/horizontal/mask/seedlings_mask_12_4.jpg,/home/pqbas/projects/LABINM_Robotics_Automation/SeedlingsNet/classifiers/data/data/raw/24_03_23/vertical/mask/seedlings_mask_12_4.jpg,/home/pqbas/projects/LABINM_Robotics_Automation/SeedlingsNet/classifiers/data/data/raw/24_03_23/horizontal/rgb/seedlings_12_4.jpg,/home/pqbas/projects/LABINM_Robotics_Automation/SeedlingsNet/classifiers/data/data/raw/24_03_23/vertical/rgb/seedlings_12_4.jpg,/home/pqbas/projects/LABINM_Robotics_Automation/SeedlingsNet/classifiers/data/data/raw/24_03_23/horizontal/depth/seedlings_12_4.jpg,/home/pqbas/projects/LABINM_Robotics_Automation/SeedlingsNet/classifiers/data/data/raw/24_03_23/vertical/depth/seedlings_12_4.jpg
83.86,5977,17307,103,159,127,247,/home/pqbas/projects/LABINM_Robotics_Automation/SeedlingsNet/classifiers/data/data/raw/24_03_23/horizontal/mask/seedlings_mask_12_5.jpg,/home/pqbas/projects/LABINM_Robotics_Automation/SeedlingsNet/classifiers/data/data/raw/24_03_23/vertical/mask/seedlings_mask_12_5.jpg,/home/pqbas/projects/LABINM_Robotics_Automation/SeedlingsNet/classifiers/data/data/raw/24_03_23/horizontal/rgb/seedlings_12_5.jpg,/home/pqbas/projects/LABINM_Robotics_Automation/SeedlingsNet/classifiers/data/data/raw/24_03_23/vertical/rgb/seedlings_12_5.jpg,/home/pqbas/projects/LABINM_Robotics_Automation/SeedlingsNet/classifiers/data/data/raw/24_03_23/horizontal/depth/seedlings_12_5.jpg,/home/pqbas/projects/LABINM_Robotics_Automation/SeedlingsNet/classifiers/data/data/raw/24_03_23/vertical/depth/seedlings_12_5.jpg
66.95,5168,13741,103,175,111,199,/home/pqbas/projects/LABINM_Robotics_Automation/SeedlingsNet/classifiers/data/data/raw/24_03_23/horizontal/mask/seedlings_mask_12_6.jpg,/home/pqbas/projects/LABINM_Robotics_Automation/SeedlingsNet/classifiers/data/data/raw/24_03_23/vertical/mask/seedlings_mask_12_6.jpg,/home/pqbas/projects/LABINM_Robotics_Automation/SeedlingsNet/classifiers/data/data/raw/24_03_23/horizontal/rgb/seedlings_12_6.jpg,/home/pqbas/projects/LABINM_Robotics_Automation/SeedlingsNet/classifiers/data/data/raw/24_03_23/vertical/rgb/seedlings_12_6.jpg,/home/pqbas/projects/LABINM_Robotics_Automation/SeedlingsNet/classifiers/data/data/raw/24_03_23/horizontal/depth/seedlings_12_6.jpg,/home/pqbas/projects/LABINM_Robotics_Automation/SeedlingsNet/classifiers/data/data/raw/24_03_23/vertical/depth/seedlings_12_6.jpg
