quality,area_hor,height_hor,width_hor,area_ver,height_ver,widht_ver,vertical_masks,horizontal_masks
0,0.096875,0.00634765625,0.0895833333333333,0.0734375,0.0081282552083333,0.1583333333333333,data/gallery_17_03_23/vertical/mask/seedlings_mask_1_1.jpg,data/gallery_17_03_23/horizontal/mask/seedlings_mask_1_1.jpg
0,0.2859375,0.0326399739583333,0.28125,0.15625,0.0133040364583333,0.2145833333333333,data/gallery_17_03_23/vertical/mask/seedlings_mask_2_1.jpg,data/gallery_17_03_23/horizontal/mask/seedlings_mask_2_1.jpg
1,0.2890625,0.0452897135416666,0.30625,0.15625,0.01333984375,0.25625,data/gallery_17_03_23/vertical/mask/seedlings_mask_3_1.jpg,data/gallery_17_03_23/horizontal/mask/seedlings_mask_3_1.jpg
1,0.45625,0.0578352864583333,0.3020833333333333,0.246875,0.0186328125,0.2354166666666666,data/gallery_17_03_23/vertical/mask/seedlings_mask_4_1.jpg,data/gallery_17_03_23/horizontal/mask/seedlings_mask_4_1.jpg
0,0.3,0.0297493489583333,0.25,0.165625,0.0104752604166666,0.1916666666666666,data/gallery_17_03_23/vertical/mask/seedlings_mask_5_1.jpg,data/gallery_17_03_23/horizontal/mask/seedlings_mask_5_1.jpg
0,0.31875,0.0315364583333333,0.2854166666666666,0.1796875,0.01109375,0.1708333333333333,data/gallery_17_03_23/vertical/mask/seedlings_mask_6_1.jpg,data/gallery_17_03_23/horizontal/mask/seedlings_mask_6_1.jpg
0,0.34375,0.0428059895833333,0.3145833333333333,0.19375,0.0158430989583333,0.23125,data/gallery_17_03_23/vertical/mask/seedlings_mask_7_1.jpg,data/gallery_17_03_23/horizontal/mask/seedlings_mask_7_1.jpg
1,0.5046875,0.072080078125,0.40625,0.23125,0.0199153645833333,0.29375,data/gallery_17_03_23/vertical/mask/seedlings_mask_9_1.jpg,data/gallery_17_03_23/horizontal/mask/seedlings_mask_9_1.jpg
0,0.403125,0.0429427083333333,0.3,0.2109375,0.0139388020833333,0.2020833333333333,data/gallery_17_03_23/vertical/mask/seedlings_mask_11_1.jpg,data/gallery_17_03_23/horizontal/mask/seedlings_mask_11_1.jpg
0,0.1890625,0.016748046875,0.1604166666666666,0.14375,0.0115201822916666,0.18125,data/gallery_17_03_23/vertical/mask/seedlings_mask_1_2.jpg,data/gallery_17_03_23/horizontal/mask/seedlings_mask_1_2.jpg
1,0.5125,0.0509440104166666,0.3479166666666666,0.253125,0.0134537760416666,0.2208333333333333,data/gallery_17_03_23/vertical/mask/seedlings_mask_2_2.jpg,data/gallery_17_03_23/horizontal/mask/seedlings_mask_2_2.jpg
0,0.353125,0.0410319010416666,0.2770833333333333,0.2,0.0128092447916666,0.1916666666666666,data/gallery_17_03_23/vertical/mask/seedlings_mask_3_2.jpg,data/gallery_17_03_23/horizontal/mask/seedlings_mask_3_2.jpg
1,0.559375,0.0740787760416666,0.4354166666666667,0.3015625,0.0207356770833333,0.2583333333333333,data/gallery_17_03_23/vertical/mask/seedlings_mask_4_2.jpg,data/gallery_17_03_23/horizontal/mask/seedlings_mask_4_2.jpg
0,0.421875,0.0597265625,0.3229166666666667,0.2265625,0.0174967447916666,0.2083333333333333,data/gallery_17_03_23/vertical/mask/seedlings_mask_6_2.jpg,data/gallery_17_03_23/horizontal/mask/seedlings_mask_6_2.jpg
1,0.4546875,0.0564420572916666,0.3,0.259375,0.0181184895833333,0.2666666666666666,data/gallery_17_03_23/vertical/mask/seedlings_mask_7_2.jpg,data/gallery_17_03_23/horizontal/mask/seedlings_mask_7_2.jpg
1,0.4953125,0.0470963541666666,0.3270833333333333,0.26875,0.0154069010416666,0.2041666666666666,data/gallery_17_03_23/vertical/mask/seedlings_mask_9_2.jpg,data/gallery_17_03_23/horizontal/mask/seedlings_mask_9_2.jpg
1,0.4515625,0.076328125,0.49375,0.2390625,0.022666015625,0.26875,data/gallery_17_03_23/vertical/mask/seedlings_mask_10_2.jpg,data/gallery_17_03_23/horizontal/mask/seedlings_mask_10_2.jpg
0,0.4,0.0543977864583333,0.3354166666666666,0.21875,0.0169270833333333,0.2229166666666666,data/gallery_17_03_23/vertical/mask/seedlings_mask_1_3.jpg,data/gallery_17_03_23/horizontal/mask/seedlings_mask_1_3.jpg
1,0.471875,0.0490657552083333,0.3291666666666666,0.2671875,0.0170930989583333,0.2354166666666666,data/gallery_17_03_23/vertical/mask/seedlings_mask_2_3.jpg,data/gallery_17_03_23/horizontal/mask/seedlings_mask_2_3.jpg
1,0.55,0.0769661458333333,0.4958333333333333,0.29375,0.02068359375,0.2833333333333333,data/gallery_17_03_23/vertical/mask/seedlings_mask_3_3.jpg,data/gallery_17_03_23/horizontal/mask/seedlings_mask_3_3.jpg
1,0.471875,0.06451171875,0.4145833333333333,0.2765625,0.0188834635416666,0.2645833333333333,data/gallery_17_03_23/vertical/mask/seedlings_mask_4_3.jpg,data/gallery_17_03_23/horizontal/mask/seedlings_mask_4_3.jpg
1,0.371875,0.0563932291666666,0.3895833333333333,0.2015625,0.0147298177083333,0.2270833333333333,data/gallery_17_03_23/vertical/mask/seedlings_mask_5_3.jpg,data/gallery_17_03_23/horizontal/mask/seedlings_mask_5_3.jpg
0,0.278125,0.0291341145833333,0.2645833333333333,0.1578125,0.0105045572916666,0.18125,data/gallery_17_03_23/vertical/mask/seedlings_mask_8_3.jpg,data/gallery_17_03_23/horizontal/mask/seedlings_mask_8_3.jpg
1,0.4328125,0.05208984375,0.3333333333333333,0.228125,0.0154720052083333,0.2395833333333333,data/gallery_17_03_23/vertical/mask/seedlings_mask_9_3.jpg,data/gallery_17_03_23/horizontal/mask/seedlings_mask_9_3.jpg
1,0.4375,0.048173828125,0.3395833333333333,0.234375,0.013544921875,0.1770833333333333,data/gallery_17_03_23/vertical/mask/seedlings_mask_10_3.jpg,data/gallery_17_03_23/horizontal/mask/seedlings_mask_10_3.jpg
1,0.5890625,0.0623470052083333,0.3729166666666667,0.3,0.0149576822916666,0.2104166666666666,data/gallery_17_03_23/vertical/mask/seedlings_mask_11_3.jpg,data/gallery_17_03_23/horizontal/mask/seedlings_mask_11_3.jpg
1,0.4328125,0.0452311197916666,0.3229166666666667,0.2421875,0.0175716145833333,0.2291666666666666,data/gallery_17_03_23/vertical/mask/seedlings_mask_12_3.jpg,data/gallery_17_03_23/horizontal/mask/seedlings_mask_12_3.jpg
0,0.359375,0.0437955729166666,0.24375,0.19375,0.0166080729166666,0.2395833333333333,data/gallery_17_03_23/vertical/mask/seedlings_mask_1_4.jpg,data/gallery_17_03_23/horizontal/mask/seedlings_mask_1_4.jpg
1,0.5359375,0.0655826822916666,0.3916666666666666,0.3046875,0.0209114583333333,0.275,data/gallery_17_03_23/vertical/mask/seedlings_mask_2_4.jpg,data/gallery_17_03_23/horizontal/mask/seedlings_mask_2_4.jpg
1,0.490625,0.0501204427083333,0.39375,0.2609375,0.0160904947916666,0.2375,data/gallery_17_03_23/vertical/mask/seedlings_mask_4_4.jpg,data/gallery_17_03_23/horizontal/mask/seedlings_mask_4_4.jpg
1,0.3875,0.062021484375,0.4875,0.171875,0.0152311197916666,0.2229166666666666,data/gallery_17_03_23/vertical/mask/seedlings_mask_6_4.jpg,data/gallery_17_03_23/horizontal/mask/seedlings_mask_6_4.jpg
1,0.3421875,0.0490234375,0.35625,0.19375,0.01708984375,0.225,data/gallery_17_03_23/vertical/mask/seedlings_mask_9_4.jpg,data/gallery_17_03_23/horizontal/mask/seedlings_mask_9_4.jpg
1,0.403125,0.0557682291666666,0.3395833333333333,0.23125,0.017080078125,0.2229166666666666,data/gallery_17_03_23/vertical/mask/seedlings_mask_10_4.jpg,data/gallery_17_03_23/horizontal/mask/seedlings_mask_10_4.jpg
1,0.3546875,0.0430436197916666,0.3166666666666666,0.1859375,0.0152018229166666,0.2291666666666666,data/gallery_17_03_23/vertical/mask/seedlings_mask_11_4.jpg,data/gallery_17_03_23/horizontal/mask/seedlings_mask_11_4.jpg
0,0.2328125,0.031103515625,0.2666666666666666,0.1515625,0.0133333333333333,0.1791666666666666,data/gallery_17_03_23/vertical/mask/seedlings_mask_1_5.jpg,data/gallery_17_03_23/horizontal/mask/seedlings_mask_1_5.jpg
0,0.321875,0.0353157552083333,0.2770833333333333,0.16875,0.014990234375,0.25625,data/gallery_17_03_23/vertical/mask/seedlings_mask_2_5.jpg,data/gallery_17_03_23/horizontal/mask/seedlings_mask_2_5.jpg
1,0.4609375,0.0671516927083333,0.3354166666666666,0.253125,0.0190755208333333,0.2375,data/gallery_17_03_23/vertical/mask/seedlings_mask_3_5.jpg,data/gallery_17_03_23/horizontal/mask/seedlings_mask_3_5.jpg
1,0.4453125,0.0561555989583333,0.3604166666666666,0.2359375,0.0194889322916666,0.2916666666666667,data/gallery_17_03_23/vertical/mask/seedlings_mask_4_5.jpg,data/gallery_17_03_23/horizontal/mask/seedlings_mask_4_5.jpg
1,0.415625,0.056904296875,0.3625,0.221875,0.0177897135416666,0.2625,data/gallery_17_03_23/vertical/mask/seedlings_mask_5_5.jpg,data/gallery_17_03_23/horizontal/mask/seedlings_mask_5_5.jpg
1,0.41875,0.0602083333333333,0.3395833333333333,0.2265625,0.0165950520833333,0.2375,data/gallery_17_03_23/vertical/mask/seedlings_mask_6_5.jpg,data/gallery_17_03_23/horizontal/mask/seedlings_mask_6_5.jpg
0,0.4078125,0.0478157552083333,0.3166666666666666,0.221875,0.015478515625,0.2208333333333333,data/gallery_17_03_23/vertical/mask/seedlings_mask_8_5.jpg,data/gallery_17_03_23/horizontal/mask/seedlings_mask_8_5.jpg
0,0.2640625,0.0430826822916666,0.4333333333333333,0.1484375,0.0151692708333333,0.2270833333333333,data/gallery_17_03_23/vertical/mask/seedlings_mask_10_5.jpg,data/gallery_17_03_23/horizontal/mask/seedlings_mask_10_5.jpg
0,0.225,0.0239485677083333,0.2416666666666666,0.128125,0.0100423177083333,0.1729166666666666,data/gallery_17_03_23/vertical/mask/seedlings_mask_12_5.jpg,data/gallery_17_03_23/horizontal/mask/seedlings_mask_12_5.jpg
0,0.2375,0.0348697916666666,0.2333333333333333,0.1375,0.01431640625,0.2375,data/gallery_17_03_23/vertical/mask/seedlings_mask_2_6.jpg,data/gallery_17_03_23/horizontal/mask/seedlings_mask_2_6.jpg
0,0.3390625,0.0425130208333333,0.3479166666666666,0.178125,0.0148177083333333,0.2270833333333333,data/gallery_17_03_23/vertical/mask/seedlings_mask_11_6.jpg,data/gallery_17_03_23/horizontal/mask/seedlings_mask_11_6.jpg
0,0.2984375,0.0270442708333333,0.25625,0.175,0.0131901041666666,0.2020833333333333,data/gallery_24_03_23/vertical/mask/seedlings_mask_2_1.jpg,data/gallery_24_03_23/horizontal/mask/seedlings_mask_2_1.jpg
1,0.3671875,0.0403873697916666,0.2458333333333333,0.2015625,0.0139583333333333,0.18125,data/gallery_24_03_23/vertical/mask/seedlings_mask_3_1.jpg,data/gallery_24_03_23/horizontal/mask/seedlings_mask_3_1.jpg
1,0.4015625,0.046904296875,0.3541666666666667,0.2234375,0.0140852864583333,0.2,data/gallery_24_03_23/vertical/mask/seedlings_mask_6_1.jpg,data/gallery_24_03_23/horizontal/mask/seedlings_mask_6_1.jpg
0,0.384375,0.043408203125,0.3541666666666667,0.2140625,0.0138509114583333,0.2020833333333333,data/gallery_24_03_23/vertical/mask/seedlings_mask_7_1.jpg,data/gallery_24_03_23/horizontal/mask/seedlings_mask_7_1.jpg
0,0.3171875,0.0379134114583333,0.3375,0.18125,0.013291015625,0.2208333333333333,data/gallery_24_03_23/vertical/mask/seedlings_mask_8_1.jpg,data/gallery_24_03_23/horizontal/mask/seedlings_mask_8_1.jpg
0,0.35625,0.0440201822916666,0.3583333333333333,0.2078125,0.0135123697916666,0.2125,data/gallery_24_03_23/vertical/mask/seedlings_mask_9_1.jpg,data/gallery_24_03_23/horizontal/mask/seedlings_mask_9_1.jpg
0,0.2109375,0.0222233072916666,0.2645833333333333,0.1546875,0.013583984375,0.20625,data/gallery_24_03_23/vertical/mask/seedlings_mask_11_1.jpg,data/gallery_24_03_23/horizontal/mask/seedlings_mask_11_1.jpg
0,0.1859375,0.0099153645833333,0.1270833333333333,0.1078125,0.010166015625,0.175,data/gallery_24_03_23/vertical/mask/seedlings_mask_1_2.jpg,data/gallery_24_03_23/horizontal/mask/seedlings_mask_1_2.jpg
0,0.2515625,0.0197428385416666,0.2020833333333333,0.153125,0.0108821614583333,0.2104166666666666,data/gallery_24_03_23/vertical/mask/seedlings_mask_2_2.jpg,data/gallery_24_03_23/horizontal/mask/seedlings_mask_2_2.jpg
0,0.1515625,0.0136263020833333,0.20625,0.1140625,0.0118912760416666,0.1875,data/gallery_24_03_23/vertical/mask/seedlings_mask_3_2.jpg,data/gallery_24_03_23/horizontal/mask/seedlings_mask_3_2.jpg
0,0.35,0.03158203125,0.26875,0.1921875,0.0132194010416666,0.20625,data/gallery_24_03_23/vertical/mask/seedlings_mask_5_2.jpg,data/gallery_24_03_23/horizontal/mask/seedlings_mask_5_2.jpg
0,0.41875,0.0448990885416666,0.33125,0.2359375,0.0127083333333333,0.1770833333333333,data/gallery_24_03_23/vertical/mask/seedlings_mask_6_2.jpg,data/gallery_24_03_23/horizontal/mask/seedlings_mask_6_2.jpg
0,0.2109375,0.0205305989583333,0.2604166666666667,0.11875,0.01029296875,0.1645833333333333,data/gallery_24_03_23/vertical/mask/seedlings_mask_7_2.jpg,data/gallery_24_03_23/horizontal/mask/seedlings_mask_7_2.jpg
1,0.4234375,0.065,0.46875,0.2296875,0.0205110677083333,0.2416666666666666,data/gallery_24_03_23/vertical/mask/seedlings_mask_8_2.jpg,data/gallery_24_03_23/horizontal/mask/seedlings_mask_8_2.jpg
1,0.4234375,0.0311751302083333,0.24375,0.23125,0.014794921875,0.21875,data/gallery_24_03_23/vertical/mask/seedlings_mask_9_2.jpg,data/gallery_24_03_23/horizontal/mask/seedlings_mask_9_2.jpg
0,0.265625,0.0364420572916666,0.3666666666666666,0.159375,0.0152311197916666,0.2270833333333333,data/gallery_24_03_23/vertical/mask/seedlings_mask_11_2.jpg,data/gallery_24_03_23/horizontal/mask/seedlings_mask_11_2.jpg
0,0.2296875,0.0278287760416666,0.2625,0.1328125,0.0135611979166666,0.2125,data/gallery_24_03_23/vertical/mask/seedlings_mask_12_2.jpg,data/gallery_24_03_23/horizontal/mask/seedlings_mask_12_2.jpg
0,0.1984375,0.0207942708333333,0.34375,0.1140625,0.011787109375,0.1833333333333333,data/gallery_24_03_23/vertical/mask/seedlings_mask_1_3.jpg,data/gallery_24_03_23/horizontal/mask/seedlings_mask_1_3.jpg
0,0.365625,0.043505859375,0.3166666666666666,0.2046875,0.0135774739583333,0.2,data/gallery_24_03_23/vertical/mask/seedlings_mask_2_3.jpg,data/gallery_24_03_23/horizontal/mask/seedlings_mask_2_3.jpg
0,0.390625,0.0416731770833333,0.3645833333333333,0.2234375,0.0148600260416666,0.2333333333333333,data/gallery_24_03_23/vertical/mask/seedlings_mask_5_3.jpg,data/gallery_24_03_23/horizontal/mask/seedlings_mask_5_3.jpg
1,0.4125,0.0683854166666666,0.4916666666666666,0.2234375,0.0167740885416666,0.25,data/gallery_24_03_23/vertical/mask/seedlings_mask_6_3.jpg,data/gallery_24_03_23/horizontal/mask/seedlings_mask_6_3.jpg
1,0.51875,0.0708821614583333,0.4333333333333333,0.2734375,0.0159830729166666,0.2291666666666666,data/gallery_24_03_23/vertical/mask/seedlings_mask_7_3.jpg,data/gallery_24_03_23/horizontal/mask/seedlings_mask_7_3.jpg
1,0.4078125,0.0621484375,0.4625,0.2234375,0.020517578125,0.2625,data/gallery_24_03_23/vertical/mask/seedlings_mask_8_3.jpg,data/gallery_24_03_23/horizontal/mask/seedlings_mask_8_3.jpg
1,0.35,0.052451171875,0.38125,0.20625,0.0171614583333333,0.23125,data/gallery_24_03_23/vertical/mask/seedlings_mask_9_3.jpg,data/gallery_24_03_23/horizontal/mask/seedlings_mask_9_3.jpg
1,0.3875,0.0563834635416666,0.3645833333333333,0.2,0.0195735677083333,0.25625,data/gallery_24_03_23/vertical/mask/seedlings_mask_10_3.jpg,data/gallery_24_03_23/horizontal/mask/seedlings_mask_10_3.jpg
1,0.3625,0.0365462239583333,0.2708333333333333,0.20625,0.02015625,0.2541666666666666,data/gallery_24_03_23/vertical/mask/seedlings_mask_11_3.jpg,data/gallery_24_03_23/horizontal/mask/seedlings_mask_11_3.jpg
0,0.2296875,0.0220865885416666,0.2541666666666666,0.1265625,0.0105533854166666,0.1729166666666666,data/gallery_24_03_23/vertical/mask/seedlings_mask_12_3.jpg,data/gallery_24_03_23/horizontal/mask/seedlings_mask_12_3.jpg
0,0.1546875,0.0125390625,0.1375,0.1015625,0.009296875,0.1583333333333333,data/gallery_24_03_23/vertical/mask/seedlings_mask_1_4.jpg,data/gallery_24_03_23/horizontal/mask/seedlings_mask_1_4.jpg
1,0.3828125,0.0606966145833333,0.4270833333333333,0.2109375,0.0168424479166666,0.2145833333333333,data/gallery_24_03_23/vertical/mask/seedlings_mask_2_4.jpg,data/gallery_24_03_23/horizontal/mask/seedlings_mask_2_4.jpg
1,0.4296875,0.0661197916666666,0.4333333333333333,0.2390625,0.0165104166666666,0.2,data/gallery_24_03_23/vertical/mask/seedlings_mask_3_4.jpg,data/gallery_24_03_23/horizontal/mask/seedlings_mask_3_4.jpg
1,0.4578125,0.0503059895833333,0.3229166666666667,0.2421875,0.0139778645833333,0.2291666666666666,data/gallery_24_03_23/vertical/mask/seedlings_mask_5_4.jpg,data/gallery_24_03_23/horizontal/mask/seedlings_mask_5_4.jpg
1,0.3984375,0.0518098958333333,0.4145833333333333,0.2171875,0.0168196614583333,0.2083333333333333,data/gallery_24_03_23/vertical/mask/seedlings_mask_6_4.jpg,data/gallery_24_03_23/horizontal/mask/seedlings_mask_6_4.jpg
1,0.4125,0.065537109375,0.4395833333333333,0.2328125,0.0184375,0.2166666666666666,data/gallery_24_03_23/vertical/mask/seedlings_mask_8_4.jpg,data/gallery_24_03_23/horizontal/mask/seedlings_mask_8_4.jpg
1,0.4,0.050673828125,0.3270833333333333,0.2265625,0.0196744791666666,0.2333333333333333,data/gallery_24_03_23/vertical/mask/seedlings_mask_9_4.jpg,data/gallery_24_03_23/horizontal/mask/seedlings_mask_9_4.jpg
0,0.3765625,0.0484830729166666,0.35,0.2046875,0.0169563802083333,0.2291666666666666,data/gallery_24_03_23/vertical/mask/seedlings_mask_10_4.jpg,data/gallery_24_03_23/horizontal/mask/seedlings_mask_10_4.jpg
0,0.325,0.0476985677083333,0.3104166666666667,0.1734375,0.0131184895833333,0.2104166666666666,data/gallery_24_03_23/vertical/mask/seedlings_mask_11_4.jpg,data/gallery_24_03_23/horizontal/mask/seedlings_mask_11_4.jpg
1,0.3546875,0.0444791666666666,0.3,0.196875,0.0170703125,0.2270833333333333,data/gallery_24_03_23/vertical/mask/seedlings_mask_12_4.jpg,data/gallery_24_03_23/horizontal/mask/seedlings_mask_12_4.jpg
0,0.2625,0.0330403645833333,0.3729166666666667,0.1390625,0.010400390625,0.15625,data/gallery_24_03_23/vertical/mask/seedlings_mask_1_5.jpg,data/gallery_24_03_23/horizontal/mask/seedlings_mask_1_5.jpg
1,0.4015625,0.0507552083333333,0.3666666666666666,0.2171875,0.01580078125,0.2375,data/gallery_24_03_23/vertical/mask/seedlings_mask_2_5.jpg,data/gallery_24_03_23/horizontal/mask/seedlings_mask_2_5.jpg
0,0.3203125,0.0421647135416666,0.3229166666666667,0.21875,0.0149576822916666,0.23125,data/gallery_24_03_23/vertical/mask/seedlings_mask_3_5.jpg,data/gallery_24_03_23/horizontal/mask/seedlings_mask_3_5.jpg
1,0.396875,0.0700227864583333,0.5979166666666667,0.209375,0.0185970052083333,0.2416666666666666,data/gallery_24_03_23/vertical/mask/seedlings_mask_4_5.jpg,data/gallery_24_03_23/horizontal/mask/seedlings_mask_4_5.jpg
1,0.3703125,0.0638899739583333,0.4916666666666666,0.2125,0.0172786458333333,0.21875,data/gallery_24_03_23/vertical/mask/seedlings_mask_5_5.jpg,data/gallery_24_03_23/horizontal/mask/seedlings_mask_5_5.jpg
1,0.4921875,0.0726627604166666,0.4833333333333333,0.2609375,0.020439453125,0.275,data/gallery_24_03_23/vertical/mask/seedlings_mask_6_5.jpg,data/gallery_24_03_23/horizontal/mask/seedlings_mask_6_5.jpg
1,0.3171875,0.04529296875,0.3375,0.184375,0.016455078125,0.2333333333333333,data/gallery_24_03_23/vertical/mask/seedlings_mask_7_5.jpg,data/gallery_24_03_23/horizontal/mask/seedlings_mask_7_5.jpg
1,0.353125,0.048818359375,0.39375,0.26875,0.0211946614583333,0.2270833333333333,data/gallery_24_03_23/vertical/mask/seedlings_mask_8_5.jpg,data/gallery_24_03_23/horizontal/mask/seedlings_mask_8_5.jpg
1,0.33125,0.0565364583333333,0.4541666666666666,0.175,0.016611328125,0.2104166666666666,data/gallery_24_03_23/vertical/mask/seedlings_mask_9_5.jpg,data/gallery_24_03_23/horizontal/mask/seedlings_mask_9_5.jpg
0,0.3046875,0.0344401041666666,0.4041666666666667,0.178125,0.0153385416666666,0.2083333333333333,data/gallery_24_03_23/vertical/mask/seedlings_mask_10_5.jpg,data/gallery_24_03_23/horizontal/mask/seedlings_mask_10_5.jpg
1,0.321875,0.0454459635416666,0.3,0.1921875,0.0179134114583333,0.21875,data/gallery_24_03_23/vertical/mask/seedlings_mask_11_5.jpg,data/gallery_24_03_23/horizontal/mask/seedlings_mask_11_5.jpg
1,0.3765625,0.052255859375,0.3125,0.2,0.0173990885416666,0.2145833333333333,data/gallery_24_03_23/vertical/mask/seedlings_mask_12_5.jpg,data/gallery_24_03_23/horizontal/mask/seedlings_mask_12_5.jpg
0,0.31875,0.0358365885416666,0.3333333333333333,0.171875,0.0115559895833333,0.1604166666666666,data/gallery_24_03_23/vertical/mask/seedlings_mask_1_6.jpg,data/gallery_24_03_23/horizontal/mask/seedlings_mask_1_6.jpg
0,0.3421875,0.038876953125,0.3270833333333333,0.1796875,0.0132454427083333,0.23125,data/gallery_24_03_23/vertical/mask/seedlings_mask_2_6.jpg,data/gallery_24_03_23/horizontal/mask/seedlings_mask_2_6.jpg
0,0.33125,0.0517024739583333,0.41875,0.1734375,0.0169921875,0.2395833333333333,data/gallery_24_03_23/vertical/mask/seedlings_mask_3_6.jpg,data/gallery_24_03_23/horizontal/mask/seedlings_mask_3_6.jpg
1,0.2671875,0.0326041666666666,0.2291666666666666,0.1390625,0.01537109375,0.275,data/gallery_24_03_23/vertical/mask/seedlings_mask_5_6.jpg,data/gallery_24_03_23/horizontal/mask/seedlings_mask_5_6.jpg
0,0.453125,0.0594466145833333,0.3958333333333333,0.24375,0.0159537760416666,0.2020833333333333,data/gallery_24_03_23/vertical/mask/seedlings_mask_6_6.jpg,data/gallery_24_03_23/horizontal/mask/seedlings_mask_6_6.jpg
0,0.309375,0.0458268229166666,0.3291666666666666,0.1734375,0.0142122395833333,0.2041666666666666,data/gallery_24_03_23/vertical/mask/seedlings_mask_7_6.jpg,data/gallery_24_03_23/horizontal/mask/seedlings_mask_7_6.jpg
0,0.2796875,0.0298600260416666,0.2458333333333333,0.153125,0.0118977864583333,0.2104166666666666,data/gallery_24_03_23/vertical/mask/seedlings_mask_8_6.jpg,data/gallery_24_03_23/horizontal/mask/seedlings_mask_8_6.jpg
0,0.325,0.03451171875,0.2875,0.1859375,0.0131412760416666,0.2145833333333333,data/gallery_24_03_23/vertical/mask/seedlings_mask_9_6.jpg,data/gallery_24_03_23/horizontal/mask/seedlings_mask_9_6.jpg
0,0.2984375,0.036787109375,0.30625,0.1734375,0.0145833333333333,0.225,data/gallery_24_03_23/vertical/mask/seedlings_mask_10_6.jpg,data/gallery_24_03_23/horizontal/mask/seedlings_mask_10_6.jpg
0,0.303125,0.0416015625,0.3520833333333333,0.175,0.0151953125,0.225,data/gallery_24_03_23/vertical/mask/seedlings_mask_12_6.jpg,data/gallery_24_03_23/horizontal/mask/seedlings_mask_12_6.jpg
0,0.21875,0.0366959635416666,0.3333333333333333,0.115625,0.0181608072916666,0.2875,data/gallery_31_03_23/vertical/mask/seedlings_mask_4_1.jpg,data/gallery_31_03_23/horizontal/mask/seedlings_mask_4_1.jpg
1,0.096875,0.0190690104166666,0.2708333333333333,0.1015625,0.0170084635416666,0.3104166666666667,data/gallery_31_03_23/vertical/mask/seedlings_mask_6_1.jpg,data/gallery_31_03_23/horizontal/mask/seedlings_mask_6_1.jpg
1,0.3796875,0.0462825520833333,0.2291666666666666,0.1921875,0.016171875,0.28125,data/gallery_31_03_23/vertical/mask/seedlings_mask_7_1.jpg,data/gallery_31_03_23/horizontal/mask/seedlings_mask_7_1.jpg
1,0.1421875,0.027822265625,0.3208333333333333,0.0953125,0.0133138020833333,0.2291666666666666,data/gallery_31_03_23/vertical/mask/seedlings_mask_3_2.jpg,data/gallery_31_03_23/horizontal/mask/seedlings_mask_3_2.jpg
0,0.2484375,0.0258170572916666,0.2479166666666666,0.1328125,0.014873046875,0.25,data/gallery_31_03_23/vertical/mask/seedlings_mask_4_2.jpg,data/gallery_31_03_23/horizontal/mask/seedlings_mask_4_2.jpg
1,0.240625,0.0509993489583333,0.3895833333333333,0.125,0.016083984375,0.275,data/gallery_31_03_23/vertical/mask/seedlings_mask_5_2.jpg,data/gallery_31_03_23/horizontal/mask/seedlings_mask_5_2.jpg
0,0.2296875,0.024296875,0.2604166666666667,0.1140625,0.0122819010416666,0.2125,data/gallery_31_03_23/vertical/mask/seedlings_mask_6_2.jpg,data/gallery_31_03_23/horizontal/mask/seedlings_mask_6_2.jpg
1,0.2,0.02828125,0.2645833333333333,0.1109375,0.0138541666666666,0.30625,data/gallery_31_03_23/vertical/mask/seedlings_mask_9_2.jpg,data/gallery_31_03_23/horizontal/mask/seedlings_mask_9_2.jpg
0,0.2046875,0.0216276041666666,0.2208333333333333,0.1140625,0.011201171875,0.1895833333333333,data/gallery_31_03_23/vertical/mask/seedlings_mask_12_2.jpg,data/gallery_31_03_23/horizontal/mask/seedlings_mask_12_2.jpg
0,0.2140625,0.038515625,0.34375,0.115625,0.01607421875,0.25,data/gallery_31_03_23/vertical/mask/seedlings_mask_2_3.jpg,data/gallery_31_03_23/horizontal/mask/seedlings_mask_2_3.jpg
1,0.15625,0.0249153645833333,0.2666666666666666,0.0890625,0.018544921875,0.2958333333333333,data/gallery_31_03_23/vertical/mask/seedlings_mask_4_3.jpg,data/gallery_31_03_23/horizontal/mask/seedlings_mask_4_3.jpg
1,0.3234375,0.0627994791666666,0.4708333333333333,0.175,0.0197916666666666,0.275,data/gallery_31_03_23/vertical/mask/seedlings_mask_5_3.jpg,data/gallery_31_03_23/horizontal/mask/seedlings_mask_5_3.jpg
0,0.1765625,0.03189453125,0.3666666666666666,0.0890625,0.0136295572916666,0.225,data/gallery_31_03_23/vertical/mask/seedlings_mask_9_3.jpg,data/gallery_31_03_23/horizontal/mask/seedlings_mask_9_3.jpg
0,0.221875,0.0339127604166666,0.33125,0.115625,0.0158919270833333,0.2375,data/gallery_31_03_23/vertical/mask/seedlings_mask_1_4.jpg,data/gallery_31_03_23/horizontal/mask/seedlings_mask_1_4.jpg
0,0.184375,0.0227962239583333,0.2625,0.1046875,0.0145638020833333,0.2875,data/gallery_31_03_23/vertical/mask/seedlings_mask_2_4.jpg,data/gallery_31_03_23/horizontal/mask/seedlings_mask_2_4.jpg
0,0.14375,0.02064453125,0.1979166666666666,0.1203125,0.0152766927083333,0.2520833333333333,data/gallery_31_03_23/vertical/mask/seedlings_mask_3_4.jpg,data/gallery_31_03_23/horizontal/mask/seedlings_mask_3_4.jpg
0,0.1328125,0.01388671875,0.1833333333333333,0.078125,0.011611328125,0.2145833333333333,data/gallery_31_03_23/vertical/mask/seedlings_mask_5_4.jpg,data/gallery_31_03_23/horizontal/mask/seedlings_mask_5_4.jpg
1,0.1734375,0.0368294270833333,0.4229166666666666,0.10625,0.01783203125,0.2916666666666667,data/gallery_31_03_23/vertical/mask/seedlings_mask_6_4.jpg,data/gallery_31_03_23/horizontal/mask/seedlings_mask_6_4.jpg
1,0.3328125,0.0586555989583333,0.4770833333333333,0.178125,0.016083984375,0.2729166666666666,data/gallery_31_03_23/vertical/mask/seedlings_mask_7_4.jpg,data/gallery_31_03_23/horizontal/mask/seedlings_mask_7_4.jpg
0,0.1390625,0.0352180989583333,0.4479166666666667,0.1125,0.014365234375,0.2708333333333333,data/gallery_31_03_23/vertical/mask/seedlings_mask_10_4.jpg,data/gallery_31_03_23/horizontal/mask/seedlings_mask_10_4.jpg
0,0.1828125,0.0312630208333333,0.3354166666666666,0.0984375,0.0128059895833333,0.20625,data/gallery_31_03_23/vertical/mask/seedlings_mask_11_4.jpg,data/gallery_31_03_23/horizontal/mask/seedlings_mask_11_4.jpg
0,0.1265625,0.0087662760416666,0.13125,0.0953125,0.0108723958333333,0.1875,data/gallery_31_03_23/vertical/mask/seedlings_mask_12_4.jpg,data/gallery_31_03_23/horizontal/mask/seedlings_mask_12_4.jpg
1,0.3203125,0.0508235677083333,0.3833333333333333,0.1546875,0.021220703125,0.3041666666666666,data/gallery_31_03_23/vertical/mask/seedlings_mask_1_5.jpg,data/gallery_31_03_23/horizontal/mask/seedlings_mask_1_5.jpg
0,0.290625,0.0340592447916666,0.3041666666666666,0.153125,0.0162858072916666,0.26875,data/gallery_31_03_23/vertical/mask/seedlings_mask_2_5.jpg,data/gallery_31_03_23/horizontal/mask/seedlings_mask_2_5.jpg
1,0.209375,0.0297265625,0.25,0.1046875,0.0156673177083333,0.3083333333333333,data/gallery_31_03_23/vertical/mask/seedlings_mask_3_5.jpg,data/gallery_31_03_23/horizontal/mask/seedlings_mask_3_5.jpg
0,0.2,0.0294303385416666,0.3541666666666667,0.1015625,0.0158984375,0.26875,data/gallery_31_03_23/vertical/mask/seedlings_mask_4_5.jpg,data/gallery_31_03_23/horizontal/mask/seedlings_mask_4_5.jpg
0,0.2328125,0.04828125,0.4125,0.115625,0.0173046875,0.2666666666666666,data/gallery_31_03_23/vertical/mask/seedlings_mask_6_5.jpg,data/gallery_31_03_23/horizontal/mask/seedlings_mask_6_5.jpg
0,0.2734375,0.0431477864583333,0.4333333333333333,0.1328125,0.0156770833333333,0.2270833333333333,data/gallery_31_03_23/vertical/mask/seedlings_mask_7_5.jpg,data/gallery_31_03_23/horizontal/mask/seedlings_mask_7_5.jpg
0,0.240625,0.039931640625,0.3541666666666667,0.1359375,0.017041015625,0.29375,data/gallery_31_03_23/vertical/mask/seedlings_mask_8_5.jpg,data/gallery_31_03_23/horizontal/mask/seedlings_mask_8_5.jpg
0,0.1296875,0.0238444010416666,0.2916666666666667,0.0828125,0.0151334635416666,0.2666666666666666,data/gallery_31_03_23/vertical/mask/seedlings_mask_9_5.jpg,data/gallery_31_03_23/horizontal/mask/seedlings_mask_9_5.jpg
0,0.25,0.0331901041666666,0.28125,0.134375,0.0130533854166666,0.2208333333333333,data/gallery_31_03_23/vertical/mask/seedlings_mask_10_5.jpg,data/gallery_31_03_23/horizontal/mask/seedlings_mask_10_5.jpg
0,0.35,0.0412532552083333,0.3395833333333333,0.1890625,0.0165266927083333,0.2291666666666666,data/gallery_31_03_23/vertical/mask/seedlings_mask_11_5.jpg,data/gallery_31_03_23/horizontal/mask/seedlings_mask_11_5.jpg
0,0.2359375,0.0202766927083333,0.2270833333333333,0.1328125,0.0120377604166666,0.2104166666666666,data/gallery_31_03_23/vertical/mask/seedlings_mask_12_5.jpg,data/gallery_31_03_23/horizontal/mask/seedlings_mask_12_5.jpg
1,0.321875,0.0546940104166666,0.4145833333333333,0.1828125,0.017880859375,0.2541666666666666,data/gallery_31_03_23/vertical/mask/seedlings_mask_3_6.jpg,data/gallery_31_03_23/horizontal/mask/seedlings_mask_3_6.jpg
1,0.1796875,0.029228515625,0.2625,0.0921875,0.0155729166666666,0.2854166666666666,data/gallery_31_03_23/vertical/mask/seedlings_mask_5_6.jpg,data/gallery_31_03_23/horizontal/mask/seedlings_mask_5_6.jpg
0,0.2,0.02693359375,0.2291666666666666,0.115625,0.0147265625,0.25,data/gallery_31_03_23/vertical/mask/seedlings_mask_7_6.jpg,data/gallery_31_03_23/horizontal/mask/seedlings_mask_7_6.jpg
1,0.13125,0.02490234375,0.3625,0.0859375,0.0173763020833333,0.3,data/gallery_31_03_23/vertical/mask/seedlings_mask_9_6.jpg,data/gallery_31_03_23/horizontal/mask/seedlings_mask_9_6.jpg
0,0.1359375,0.01646484375,0.2333333333333333,0.0796875,0.0097005208333333,0.1666666666666666,data/gallery_31_03_23/vertical/mask/seedlings_mask_10_6.jpg,data/gallery_31_03_23/horizontal/mask/seedlings_mask_10_6.jpg
0,0.1265625,0.0191471354166666,0.2520833333333333,0.1359375,0.01884765625,0.3041666666666666,data/gallery_03_03_23_tray1/vertical/mask/seedlings_mask_1_1.jpg,data/gallery_03_03_23_tray1/horizontal/mask/seedlings_mask_1_1.jpg
0,0.2359375,0.0468880208333333,0.3895833333333333,0.1640625,0.01943359375,0.2791666666666667,data/gallery_03_03_23_tray1/vertical/mask/seedlings_mask_2_1.jpg,data/gallery_03_03_23_tray1/horizontal/mask/seedlings_mask_2_1.jpg
1,0.24375,0.0558040364583333,0.5020833333333333,0.140625,0.01900390625,0.2583333333333333,data/gallery_03_03_23_tray1/vertical/mask/seedlings_mask_4_1.jpg,data/gallery_03_03_23_tray1/horizontal/mask/seedlings_mask_4_1.jpg
0,0.2359375,0.02416015625,0.2041666666666666,0.15,0.013994140625,0.19375,data/gallery_03_03_23_tray1/vertical/mask/seedlings_mask_6_1.jpg,data/gallery_03_03_23_tray1/horizontal/mask/seedlings_mask_6_1.jpg
0,0.1140625,0.0200748697916666,0.3458333333333333,0.1609375,0.0186881510416666,0.28125,data/gallery_03_03_23_tray1/vertical/mask/seedlings_mask_7_1.jpg,data/gallery_03_03_23_tray1/horizontal/mask/seedlings_mask_7_1.jpg
0,0.23125,0.0409733072916666,0.3125,0.153125,0.019052734375,0.2625,data/gallery_03_03_23_tray1/vertical/mask/seedlings_mask_8_1.jpg,data/gallery_03_03_23_tray1/horizontal/mask/seedlings_mask_8_1.jpg
0,0.1515625,0.028671875,0.3729166666666667,0.1296875,0.015166015625,0.2375,data/gallery_03_03_23_tray1/vertical/mask/seedlings_mask_9_1.jpg,data/gallery_03_03_23_tray1/horizontal/mask/seedlings_mask_9_1.jpg
0,0.2203125,0.03544921875,0.2979166666666666,0.1921875,0.0200716145833333,0.26875,data/gallery_03_03_23_tray1/vertical/mask/seedlings_mask_10_1.jpg,data/gallery_03_03_23_tray1/horizontal/mask/seedlings_mask_10_1.jpg
0,0.2625,0.0284309895833333,0.1958333333333333,0.16875,0.018134765625,0.24375,data/gallery_03_03_23_tray1/vertical/mask/seedlings_mask_11_1.jpg,data/gallery_03_03_23_tray1/horizontal/mask/seedlings_mask_11_1.jpg
0,0.225,0.0346061197916666,0.49375,0.13125,0.0153743489583333,0.25625,data/gallery_03_03_23_tray1/vertical/mask/seedlings_mask_12_1.jpg,data/gallery_03_03_23_tray1/horizontal/mask/seedlings_mask_12_1.jpg
0,0.2390625,0.0440592447916666,0.3541666666666667,0.134375,0.0155110677083333,0.2541666666666666,data/gallery_03_03_23_tray1/vertical/mask/seedlings_mask_1_2.jpg,data/gallery_03_03_23_tray1/horizontal/mask/seedlings_mask_1_2.jpg
0,0.234375,0.0312760416666666,0.3020833333333333,0.1328125,0.015419921875,0.26875,data/gallery_03_03_23_tray1/vertical/mask/seedlings_mask_2_2.jpg,data/gallery_03_03_23_tray1/horizontal/mask/seedlings_mask_2_2.jpg
0,0.1890625,0.0284440104166666,0.325,0.1125,0.012958984375,0.1916666666666666,data/gallery_03_03_23_tray1/vertical/mask/seedlings_mask_4_2.jpg,data/gallery_03_03_23_tray1/horizontal/mask/seedlings_mask_4_2.jpg
1,0.2421875,0.0760416666666666,0.625,0.1453125,0.0179654947916666,0.2375,data/gallery_03_03_23_tray1/vertical/mask/seedlings_mask_5_2.jpg,data/gallery_03_03_23_tray1/horizontal/mask/seedlings_mask_5_2.jpg
0,0.1265625,0.0217578125,0.2770833333333333,0.165625,0.0154947916666666,0.21875,data/gallery_03_03_23_tray1/vertical/mask/seedlings_mask_7_2.jpg,data/gallery_03_03_23_tray1/horizontal/mask/seedlings_mask_7_2.jpg
0,0.240625,0.0466927083333333,0.4,0.13125,0.0166471354166666,0.2458333333333333,data/gallery_03_03_23_tray1/vertical/mask/seedlings_mask_8_2.jpg,data/gallery_03_03_23_tray1/horizontal/mask/seedlings_mask_8_2.jpg
0,0.20625,0.0480729166666666,0.4708333333333333,0.178125,0.016865234375,0.23125,data/gallery_03_03_23_tray1/vertical/mask/seedlings_mask_10_2.jpg,data/gallery_03_03_23_tray1/horizontal/mask/seedlings_mask_10_2.jpg
0,0.325,0.0432356770833333,0.375,0.1734375,0.0174479166666666,0.2229166666666666,data/gallery_03_03_23_tray1/vertical/mask/seedlings_mask_12_2.jpg,data/gallery_03_03_23_tray1/horizontal/mask/seedlings_mask_12_2.jpg
0,0.2453125,0.041396484375,0.3354166666666666,0.1359375,0.0177571614583333,0.2895833333333333,data/gallery_03_03_23_tray1/vertical/mask/seedlings_mask_1_3.jpg,data/gallery_03_03_23_tray1/horizontal/mask/seedlings_mask_1_3.jpg
0,0.2046875,0.0359309895833333,0.3666666666666666,0.178125,0.020595703125,0.275,data/gallery_03_03_23_tray1/vertical/mask/seedlings_mask_2_3.jpg,data/gallery_03_03_23_tray1/horizontal/mask/seedlings_mask_2_3.jpg
0,0.321875,0.0484114583333333,0.3291666666666666,0.1859375,0.0130826822916666,0.1875,data/gallery_03_03_23_tray1/vertical/mask/seedlings_mask_4_3.jpg,data/gallery_03_03_23_tray1/horizontal/mask/seedlings_mask_4_3.jpg
1,0.3453125,0.075595703125,0.4791666666666667,0.1875,0.0190690104166666,0.3,data/gallery_03_03_23_tray1/vertical/mask/seedlings_mask_5_3.jpg,data/gallery_03_03_23_tray1/horizontal/mask/seedlings_mask_5_3.jpg
0,0.215625,0.0507454427083333,0.4354166666666667,0.125,0.0167936197916666,0.2791666666666667,data/gallery_03_03_23_tray1/vertical/mask/seedlings_mask_6_3.jpg,data/gallery_03_03_23_tray1/horizontal/mask/seedlings_mask_6_3.jpg
1,0.2984375,0.0645865885416666,0.4666666666666667,0.165625,0.017119140625,0.2791666666666667,data/gallery_03_03_23_tray1/vertical/mask/seedlings_mask_7_3.jpg,data/gallery_03_03_23_tray1/horizontal/mask/seedlings_mask_7_3.jpg
1,0.2609375,0.0629915364583333,0.6333333333333333,0.1515625,0.0182942708333333,0.2604166666666667,data/gallery_03_03_23_tray1/vertical/mask/seedlings_mask_8_3.jpg,data/gallery_03_03_23_tray1/horizontal/mask/seedlings_mask_8_3.jpg
1,0.3296875,0.05146484375,0.4166666666666667,0.1859375,0.0176041666666666,0.2395833333333333,data/gallery_03_03_23_tray1/vertical/mask/seedlings_mask_9_3.jpg,data/gallery_03_03_23_tray1/horizontal/mask/seedlings_mask_9_3.jpg
0,0.23125,0.056748046875,0.6125,0.153125,0.015185546875,0.2,data/gallery_03_03_23_tray1/vertical/mask/seedlings_mask_10_3.jpg,data/gallery_03_03_23_tray1/horizontal/mask/seedlings_mask_10_3.jpg
0,0.2359375,0.0325520833333333,0.2520833333333333,0.1296875,0.016103515625,0.24375,data/gallery_03_03_23_tray1/vertical/mask/seedlings_mask_11_3.jpg,data/gallery_03_03_23_tray1/horizontal/mask/seedlings_mask_11_3.jpg
0,0.296875,0.0482649739583333,0.35625,0.165625,0.0169368489583333,0.2625,data/gallery_03_03_23_tray1/vertical/mask/seedlings_mask_12_3.jpg,data/gallery_03_03_23_tray1/horizontal/mask/seedlings_mask_12_3.jpg
0,0.2203125,0.038525390625,0.3583333333333333,0.1234375,0.0151497395833333,0.2395833333333333,data/gallery_03_03_23_tray1/vertical/mask/seedlings_mask_1_4.jpg,data/gallery_03_03_23_tray1/horizontal/mask/seedlings_mask_1_4.jpg
0,0.1796875,0.0317708333333333,0.38125,0.121875,0.0148893229166666,0.2145833333333333,data/gallery_03_03_23_tray1/vertical/mask/seedlings_mask_2_4.jpg,data/gallery_03_03_23_tray1/horizontal/mask/seedlings_mask_2_4.jpg
0,0.30625,0.0401041666666666,0.3020833333333333,0.16875,0.01501953125,0.2791666666666667,data/gallery_03_03_23_tray1/vertical/mask/seedlings_mask_3_4.jpg,data/gallery_03_03_23_tray1/horizontal/mask/seedlings_mask_3_4.jpg
0,0.21875,0.044228515625,0.3270833333333333,0.1234375,0.0181966145833333,0.2604166666666667,data/gallery_03_03_23_tray1/vertical/mask/seedlings_mask_4_4.jpg,data/gallery_03_03_23_tray1/horizontal/mask/seedlings_mask_4_4.jpg
0,0.35,0.0373372395833333,0.275,0.190625,0.0152994791666666,0.2291666666666666,data/gallery_03_03_23_tray1/vertical/mask/seedlings_mask_5_4.jpg,data/gallery_03_03_23_tray1/horizontal/mask/seedlings_mask_5_4.jpg
1,0.38125,0.0601334635416666,0.3645833333333333,0.203125,0.019423828125,0.2541666666666666,data/gallery_03_03_23_tray1/vertical/mask/seedlings_mask_6_4.jpg,data/gallery_03_03_23_tray1/horizontal/mask/seedlings_mask_6_4.jpg
1,0.375,0.0699055989583333,0.4625,0.1984375,0.019599609375,0.3083333333333333,data/gallery_03_03_23_tray1/vertical/mask/seedlings_mask_7_4.jpg,data/gallery_03_03_23_tray1/horizontal/mask/seedlings_mask_7_4.jpg
1,0.3078125,0.0621419270833333,0.5333333333333333,0.171875,0.0170703125,0.2666666666666666,data/gallery_03_03_23_tray1/vertical/mask/seedlings_mask_8_4.jpg,data/gallery_03_03_23_tray1/horizontal/mask/seedlings_mask_8_4.jpg
1,0.346875,0.0548958333333333,0.2916666666666667,0.2625,0.0220345052083333,0.2395833333333333,data/gallery_03_03_23_tray1/vertical/mask/seedlings_mask_9_4.jpg,data/gallery_03_03_23_tray1/horizontal/mask/seedlings_mask_9_4.jpg
0,0.31875,0.054287109375,0.3979166666666666,0.18125,0.0180013020833333,0.2645833333333333,data/gallery_03_03_23_tray1/vertical/mask/seedlings_mask_10_4.jpg,data/gallery_03_03_23_tray1/horizontal/mask/seedlings_mask_10_4.jpg
0,0.309375,0.0542415364583333,0.4104166666666666,0.16875,0.0183528645833333,0.2541666666666666,data/gallery_03_03_23_tray1/vertical/mask/seedlings_mask_11_4.jpg,data/gallery_03_03_23_tray1/horizontal/mask/seedlings_mask_11_4.jpg
0,0.4328125,0.0451953125,0.3625,0.2390625,0.0147786458333333,0.1979166666666666,data/gallery_03_03_23_tray1/vertical/mask/seedlings_mask_12_4.jpg,data/gallery_03_03_23_tray1/horizontal/mask/seedlings_mask_12_4.jpg
0,0.3203125,0.04083984375,0.2604166666666667,0.1796875,0.0156868489583333,0.2479166666666666,data/gallery_03_03_23_tray1/vertical/mask/seedlings_mask_1_5.jpg,data/gallery_03_03_23_tray1/horizontal/mask/seedlings_mask_1_5.jpg
0,0.221875,0.047470703125,0.51875,0.1265625,0.0185514322916666,0.2854166666666666,data/gallery_03_03_23_tray1/vertical/mask/seedlings_mask_2_5.jpg,data/gallery_03_03_23_tray1/horizontal/mask/seedlings_mask_2_5.jpg
0,0.284375,0.0363704427083333,0.2979166666666666,0.153125,0.0149934895833333,0.2583333333333333,data/gallery_03_03_23_tray1/vertical/mask/seedlings_mask_3_5.jpg,data/gallery_03_03_23_tray1/horizontal/mask/seedlings_mask_3_5.jpg
0,0.29375,0.0399576822916666,0.3895833333333333,0.1890625,0.0203743489583333,0.2708333333333333,data/gallery_03_03_23_tray1/vertical/mask/seedlings_mask_4_5.jpg,data/gallery_03_03_23_tray1/horizontal/mask/seedlings_mask_4_5.jpg
1,0.146875,0.0398502604166666,0.46875,0.1375,0.0167838541666666,0.2395833333333333,data/gallery_03_03_23_tray1/vertical/mask/seedlings_mask_5_5.jpg,data/gallery_03_03_23_tray1/horizontal/mask/seedlings_mask_5_5.jpg
0,0.2515625,0.0391276041666666,0.3291666666666666,0.15,0.0181022135416666,0.2479166666666666,data/gallery_03_03_23_tray1/vertical/mask/seedlings_mask_6_5.jpg,data/gallery_03_03_23_tray1/horizontal/mask/seedlings_mask_6_5.jpg
1,0.2453125,0.061015625,0.50625,0.140625,0.016298828125,0.2583333333333333,data/gallery_03_03_23_tray1/vertical/mask/seedlings_mask_8_5.jpg,data/gallery_03_03_23_tray1/horizontal/mask/seedlings_mask_8_5.jpg
0,0.2234375,0.0379069010416666,0.3333333333333333,0.190625,0.0201041666666666,0.2729166666666666,data/gallery_03_03_23_tray1/vertical/mask/seedlings_mask_9_5.jpg,data/gallery_03_03_23_tray1/horizontal/mask/seedlings_mask_9_5.jpg
1,0.2390625,0.0706184895833333,0.54375,0.1640625,0.0173600260416666,0.2458333333333333,data/gallery_03_03_23_tray1/vertical/mask/seedlings_mask_10_5.jpg,data/gallery_03_03_23_tray1/horizontal/mask/seedlings_mask_10_5.jpg
0,0.134375,0.03193359375,0.40625,0.0796875,0.014912109375,0.2583333333333333,data/gallery_03_03_23_tray1/vertical/mask/seedlings_mask_11_5.jpg,data/gallery_03_03_23_tray1/horizontal/mask/seedlings_mask_11_5.jpg
0,0.2640625,0.0428841145833333,0.4291666666666666,0.1421875,0.0154329427083333,0.2458333333333333,data/gallery_03_03_23_tray1/vertical/mask/seedlings_mask_1_6.jpg,data/gallery_03_03_23_tray1/horizontal/mask/seedlings_mask_1_6.jpg
0,0.234375,0.036533203125,0.2520833333333333,0.1296875,0.016904296875,0.2708333333333333,data/gallery_03_03_23_tray1/vertical/mask/seedlings_mask_2_6.jpg,data/gallery_03_03_23_tray1/horizontal/mask/seedlings_mask_2_6.jpg
0,0.2078125,0.0432063802083333,0.4416666666666666,0.1375,0.017841796875,0.2916666666666667,data/gallery_03_03_23_tray1/vertical/mask/seedlings_mask_3_6.jpg,data/gallery_03_03_23_tray1/horizontal/mask/seedlings_mask_3_6.jpg
1,0.3859375,0.0516666666666666,0.3916666666666666,0.2078125,0.0185709635416666,0.2645833333333333,data/gallery_03_03_23_tray1/vertical/mask/seedlings_mask_4_6.jpg,data/gallery_03_03_23_tray1/horizontal/mask/seedlings_mask_4_6.jpg
0,0.24375,0.0524283854166666,0.4979166666666667,0.1515625,0.0168717447916666,0.24375,data/gallery_03_03_23_tray1/vertical/mask/seedlings_mask_5_6.jpg,data/gallery_03_03_23_tray1/horizontal/mask/seedlings_mask_5_6.jpg
1,0.35,0.0616243489583333,0.36875,0.178125,0.0180891927083333,0.2645833333333333,data/gallery_03_03_23_tray1/vertical/mask/seedlings_mask_6_6.jpg,data/gallery_03_03_23_tray1/horizontal/mask/seedlings_mask_6_6.jpg
1,0.24375,0.0470442708333333,0.4458333333333333,0.15,0.019970703125,0.2833333333333333,data/gallery_03_03_23_tray1/vertical/mask/seedlings_mask_8_6.jpg,data/gallery_03_03_23_tray1/horizontal/mask/seedlings_mask_8_6.jpg
1,0.403125,0.067216796875,0.39375,0.2578125,0.0265364583333333,0.3041666666666666,data/gallery_03_03_23_tray1/vertical/mask/seedlings_mask_9_6.jpg,data/gallery_03_03_23_tray1/horizontal/mask/seedlings_mask_9_6.jpg
1,0.43125,0.079453125,0.4854166666666666,0.2453125,0.018486328125,0.2833333333333333,data/gallery_03_03_23_tray1/vertical/mask/seedlings_mask_10_6.jpg,data/gallery_03_03_23_tray1/horizontal/mask/seedlings_mask_10_6.jpg
0,0.3609375,0.052939453125,0.3229166666666667,0.1875,0.017548828125,0.25,data/gallery_03_03_23_tray1/vertical/mask/seedlings_mask_11_6.jpg,data/gallery_03_03_23_tray1/horizontal/mask/seedlings_mask_11_6.jpg
0,0.215625,0.02849609375,0.28958333333333336,0.1140625,0.014915364583333333,0.24791666666666667,data/gallery_03_03_23_tray2/vertical/mask/seedlings_mask_2_1.jpg,data/gallery_03_03_23_tray2/horizontal/mask/seedlings_mask_2_1.jpg
0,0.190625,0.03261067708333333,0.3145833333333333,0.109375,0.014296875,0.21666666666666667,data/gallery_03_03_23_tray2/vertical/mask/seedlings_mask_3_1.jpg,data/gallery_03_03_23_tray2/horizontal/mask/seedlings_mask_3_1.jpg
0,0.175,0.0198828125,0.20208333333333334,0.103125,0.014140625,0.22708333333333333,data/gallery_03_03_23_tray2/vertical/mask/seedlings_mask_4_1.jpg,data/gallery_03_03_23_tray2/horizontal/mask/seedlings_mask_4_1.jpg
0,0.209375,0.03123046875,0.2708333333333333,0.1296875,0.016588541666666668,0.2708333333333333,data/gallery_03_03_23_tray2/vertical/mask/seedlings_mask_5_1.jpg,data/gallery_03_03_23_tray2/horizontal/mask/seedlings_mask_5_1.jpg
0,0.290625,0.030579427083333333,0.23125,0.1734375,0.014306640625,0.20833333333333334,data/gallery_03_03_23_tray2/vertical/mask/seedlings_mask_6_1.jpg,data/gallery_03_03_23_tray2/horizontal/mask/seedlings_mask_6_1.jpg
0,0.278125,0.030270182291666666,0.20416666666666666,0.1625,0.014641927083333334,0.2125,data/gallery_03_03_23_tray2/vertical/mask/seedlings_mask_7_1.jpg,data/gallery_03_03_23_tray2/horizontal/mask/seedlings_mask_7_1.jpg
0,0.265625,0.031077473958333334,0.23541666666666666,0.1453125,0.012333984375,0.20416666666666666,data/gallery_03_03_23_tray2/vertical/mask/seedlings_mask_8_1.jpg,data/gallery_03_03_23_tray2/horizontal/mask/seedlings_mask_8_1.jpg
0,0.23125,0.023779296875,0.2520833333333333,0.1203125,0.013095703125,0.22083333333333333,data/gallery_03_03_23_tray2/vertical/mask/seedlings_mask_9_1.jpg,data/gallery_03_03_23_tray2/horizontal/mask/seedlings_mask_9_1.jpg
0,0.3609375,0.03435872395833333,0.28125,0.203125,0.013603515625,0.20208333333333334,data/gallery_03_03_23_tray2/vertical/mask/seedlings_mask_10_1.jpg,data/gallery_03_03_23_tray2/horizontal/mask/seedlings_mask_10_1.jpg
0,0.2234375,0.032073567708333334,0.2833333333333333,0.1171875,0.01482421875,0.21875,data/gallery_03_03_23_tray2/vertical/mask/seedlings_mask_11_1.jpg,data/gallery_03_03_23_tray2/horizontal/mask/seedlings_mask_11_1.jpg
0,0.1703125,0.015345052083333333,0.2125,0.0984375,0.012574869791666667,0.20416666666666666,data/gallery_03_03_23_tray2/vertical/mask/seedlings_mask_12_1.jpg,data/gallery_03_03_23_tray2/horizontal/mask/seedlings_mask_12_1.jpg
0,0.1484375,0.016770833333333332,0.21666666666666667,0.0890625,0.012405598958333333,0.25,data/gallery_03_03_23_tray2/vertical/mask/seedlings_mask_2_2.jpg,data/gallery_03_03_23_tray2/horizontal/mask/seedlings_mask_2_2.jpg
0,0.159375,0.0175,0.19791666666666666,0.096875,0.013043619791666667,0.21458333333333332,data/gallery_03_03_23_tray2/vertical/mask/seedlings_mask_3_2.jpg,data/gallery_03_03_23_tray2/horizontal/mask/seedlings_mask_3_2.jpg
0,0.2421875,0.036494140625,0.32916666666666666,0.1359375,0.015319010416666667,0.21041666666666667,data/gallery_03_03_23_tray2/vertical/mask/seedlings_mask_5_2.jpg,data/gallery_03_03_23_tray2/horizontal/mask/seedlings_mask_5_2.jpg
0,0.2953125,0.03459309895833333,0.26666666666666666,0.159375,0.013987630208333334,0.19791666666666666,data/gallery_03_03_23_tray2/vertical/mask/seedlings_mask_7_2.jpg,data/gallery_03_03_23_tray2/horizontal/mask/seedlings_mask_7_2.jpg
0,0.1890625,0.01994140625,0.21875,0.128125,0.013017578125,0.20625,data/gallery_03_03_23_tray2/vertical/mask/seedlings_mask_8_2.jpg,data/gallery_03_03_23_tray2/horizontal/mask/seedlings_mask_8_2.jpg
0,0.271875,0.028984375,0.21041666666666667,0.1484375,0.012685546875,0.20625,data/gallery_03_03_23_tray2/vertical/mask/seedlings_mask_9_2.jpg,data/gallery_03_03_23_tray2/horizontal/mask/seedlings_mask_9_2.jpg
0,0.39375,0.046318359375,0.30416666666666664,0.2125,0.014033203125,0.20625,data/gallery_03_03_23_tray2/vertical/mask/seedlings_mask_10_2.jpg,data/gallery_03_03_23_tray2/horizontal/mask/seedlings_mask_10_2.jpg
0,0.36875,0.033642578125,0.2125,0.2015625,0.0144140625,0.2,data/gallery_03_03_23_tray2/vertical/mask/seedlings_mask_11_2.jpg,data/gallery_03_03_23_tray2/horizontal/mask/seedlings_mask_11_2.jpg
0,0.2046875,0.031139322916666667,0.26875,0.1546875,0.018704427083333332,0.26458333333333334,data/gallery_03_03_23_tray2/vertical/mask/seedlings_mask_2_3.jpg,data/gallery_03_03_23_tray2/horizontal/mask/seedlings_mask_2_3.jpg
0,0.246875,0.03452799479166667,0.35,0.128125,0.016477864583333335,0.24166666666666667,data/gallery_03_03_23_tray2/vertical/mask/seedlings_mask_3_3.jpg,data/gallery_03_03_23_tray2/horizontal/mask/seedlings_mask_3_3.jpg
0,0.31875,0.03473307291666667,0.3020833333333333,0.1671875,0.015029296875,0.23958333333333334,data/gallery_03_03_23_tray2/vertical/mask/seedlings_mask_5_3.jpg,data/gallery_03_03_23_tray2/horizontal/mask/seedlings_mask_5_3.jpg
0,0.334375,0.033294270833333334,0.2375,0.184375,0.013798828125,0.20208333333333334,data/gallery_03_03_23_tray2/vertical/mask/seedlings_mask_10_3.jpg,data/gallery_03_03_23_tray2/horizontal/mask/seedlings_mask_10_3.jpg
0,0.0890625,0.013860677083333333,0.3416666666666667,0.096875,0.012356770833333334,0.20208333333333334,data/gallery_03_03_23_tray2/vertical/mask/seedlings_mask_11_3.jpg,data/gallery_03_03_23_tray2/horizontal/mask/seedlings_mask_11_3.jpg
0,0.35,0.0372265625,0.27708333333333335,0.1875,0.013714192708333333,0.20416666666666666,data/gallery_03_03_23_tray2/vertical/mask/seedlings_mask_12_3.jpg,data/gallery_03_03_23_tray2/horizontal/mask/seedlings_mask_12_3.jpg
0,0.1265625,0.011536458333333333,0.1875,0.09375,0.013577473958333334,0.225,data/gallery_03_03_23_tray2/vertical/mask/seedlings_mask_1_4.jpg,data/gallery_03_03_23_tray2/horizontal/mask/seedlings_mask_1_4.jpg
0,0.2046875,0.022874348958333332,0.21666666666666667,0.115625,0.016012369791666668,0.23333333333333334,data/gallery_03_03_23_tray2/vertical/mask/seedlings_mask_2_4.jpg,data/gallery_03_03_23_tray2/horizontal/mask/seedlings_mask_2_4.jpg
0,0.2171875,0.021207682291666665,0.17916666666666667,0.1875,0.018870442708333334,0.2604166666666667,data/gallery_03_03_23_tray2/vertical/mask/seedlings_mask_3_4.jpg,data/gallery_03_03_23_tray2/horizontal/mask/seedlings_mask_3_4.jpg
0,0.175,0.03056640625,0.35208333333333336,0.15,0.016611328125,0.24583333333333332,data/gallery_03_03_23_tray2/vertical/mask/seedlings_mask_4_4.jpg,data/gallery_03_03_23_tray2/horizontal/mask/seedlings_mask_4_4.jpg
0,0.1765625,0.023173828125,0.19375,0.1,0.018203125,0.27708333333333335,data/gallery_03_03_23_tray2/vertical/mask/seedlings_mask_5_4.jpg,data/gallery_03_03_23_tray2/horizontal/mask/seedlings_mask_5_4.jpg
0,0.4609375,0.06359700520833333,0.3875,0.2546875,0.016943359375,0.21875,data/gallery_03_03_23_tray2/vertical/mask/seedlings_mask_6_4.jpg,data/gallery_03_03_23_tray2/horizontal/mask/seedlings_mask_6_4.jpg
0,0.2421875,0.032919921875,0.29583333333333334,0.134375,0.015390625,0.22083333333333333,data/gallery_03_03_23_tray2/vertical/mask/seedlings_mask_7_4.jpg,data/gallery_03_03_23_tray2/horizontal/mask/seedlings_mask_7_4.jpg
0,0.2875,0.029449869791666666,0.25625,0.1546875,0.014397786458333334,0.22291666666666668,data/gallery_03_03_23_tray2/vertical/mask/seedlings_mask_8_4.jpg,data/gallery_03_03_23_tray2/horizontal/mask/seedlings_mask_8_4.jpg
0,0.3671875,0.037333984375,0.30625,0.2015625,0.015553385416666666,0.19791666666666666,data/gallery_03_03_23_tray2/vertical/mask/seedlings_mask_9_4.jpg,data/gallery_03_03_23_tray2/horizontal/mask/seedlings_mask_9_4.jpg
0,0.2546875,0.030546875,0.30416666666666664,0.146875,0.015087890625,0.22708333333333333,data/gallery_03_03_23_tray2/vertical/mask/seedlings_mask_10_4.jpg,data/gallery_03_03_23_tray2/horizontal/mask/seedlings_mask_10_4.jpg
0,0.271875,0.029130859375,0.21041666666666667,0.146875,0.013619791666666667,0.225,data/gallery_03_03_23_tray2/vertical/mask/seedlings_mask_12_4.jpg,data/gallery_03_03_23_tray2/horizontal/mask/seedlings_mask_12_4.jpg
0,0.1921875,0.02517578125,0.24583333333333332,0.1140625,0.016647135416666667,0.2708333333333333,data/gallery_03_03_23_tray2/vertical/mask/seedlings_mask_2_5.jpg,data/gallery_03_03_23_tray2/horizontal/mask/seedlings_mask_2_5.jpg
0,0.1484375,0.022447916666666668,0.2604166666666667,0.0796875,0.01359375,0.23541666666666666,data/gallery_03_03_23_tray2/vertical/mask/seedlings_mask_3_5.jpg,data/gallery_03_03_23_tray2/horizontal/mask/seedlings_mask_3_5.jpg
0,0.190625,0.029514973958333333,0.27708333333333335,0.1140625,0.01701171875,0.2875,data/gallery_03_03_23_tray2/vertical/mask/seedlings_mask_4_5.jpg,data/gallery_03_03_23_tray2/horizontal/mask/seedlings_mask_4_5.jpg
0,0.3875,0.048111979166666666,0.39791666666666664,0.21875,0.016337890625,0.21875,data/gallery_03_03_23_tray2/vertical/mask/seedlings_mask_7_5.jpg,data/gallery_03_03_23_tray2/horizontal/mask/seedlings_mask_7_5.jpg
0,0.15,0.022301432291666666,0.27708333333333335,0.1109375,0.014169921875,0.21875,data/gallery_03_03_23_tray2/vertical/mask/seedlings_mask_8_5.jpg,data/gallery_03_03_23_tray2/horizontal/mask/seedlings_mask_8_5.jpg
0,0.3375,0.035032552083333335,0.25625,0.1796875,0.015455729166666666,0.24166666666666667,data/gallery_03_03_23_tray2/vertical/mask/seedlings_mask_11_5.jpg,data/gallery_03_03_23_tray2/horizontal/mask/seedlings_mask_11_5.jpg
0,0.1796875,0.019632161458333332,0.21041666666666667,0.103125,0.012014973958333333,0.18541666666666667,data/gallery_03_03_23_tray2/vertical/mask/seedlings_mask_12_5.jpg,data/gallery_03_03_23_tray2/horizontal/mask/seedlings_mask_12_5.jpg
0,0.1234375,0.019684244791666666,0.2791666666666667,0.0828125,0.015416666666666667,0.27291666666666664,data/gallery_03_03_23_tray2/vertical/mask/seedlings_mask_1_6.jpg,data/gallery_03_03_23_tray2/horizontal/mask/seedlings_mask_1_6.jpg
0,0.1578125,0.01533203125,0.15625,0.09375,0.016022135416666666,0.2875,data/gallery_03_03_23_tray2/vertical/mask/seedlings_mask_2_6.jpg,data/gallery_03_03_23_tray2/horizontal/mask/seedlings_mask_2_6.jpg
0,0.196875,0.032379557291666666,0.2708333333333333,0.1203125,0.019427083333333334,0.28125,data/gallery_03_03_23_tray2/vertical/mask/seedlings_mask_5_6.jpg,data/gallery_03_03_23_tray2/horizontal/mask/seedlings_mask_5_6.jpg
0,0.3734375,0.03760091145833333,0.29791666666666666,0.2125,0.016399739583333333,0.23125,data/gallery_03_03_23_tray2/vertical/mask/seedlings_mask_6_6.jpg,data/gallery_03_03_23_tray2/horizontal/mask/seedlings_mask_6_6.jpg
0,0.1796875,0.014602864583333333,0.15208333333333332,0.1234375,0.012451171875,0.17708333333333334,data/gallery_03_03_23_tray2/vertical/mask/seedlings_mask_10_6.jpg,data/gallery_03_03_23_tray2/horizontal/mask/seedlings_mask_10_6.jpg
0,0.1765625,0.017265625,0.1625,0.103125,0.012314453125,0.19583333333333333,data/gallery_03_03_23_tray2/vertical/mask/seedlings_mask_11_6.jpg,data/gallery_03_03_23_tray2/horizontal/mask/seedlings_mask_11_6.jpg
